0,-0.34662,0,,,, 
1,-0.284887,0,,,, 
2,-0.223149,0,,,, 
3,-0.161405,0,,,, 
4,-9.97E-02,0,,,, 
5,-3.79E-02,0,,,, 
6,2.39E-02,0,,,, 
7,8.56E-02,0,,,, 
8,0.147401,0,,,, 
9,0.209179,0,,,, 
10,0.270963,0,,,, 
11,0.332752,0,,,, 
12,0.394547,0,,,, 
13,0.456348,0,,,, 
14,0.518155,0,,,, 
15,0.579967,229,,,, 
16,0.641784,5698,,,, 
17,0.703608,5626,,,, 
18,0.765437,4541,,,, 
19,0.827272,3823,,,, 
20,0.889112,3599,,,, 
21,0.950958,3420,,,, 
22,1.01281,3502,,,, 
23,1.07467,3426,,,, 
24,1.13653,3426,,,, 
25,1.1984,3551,,,, 
26,1.26027,3525,,,, 
27,1.32215,3654,,,, 
28,1.38404,3582,,,, 
29,1.44593,3752,,,, 
30,1.50783,3632,,,, 
31,1.56973,3671,,,, 
32,1.63164,3856,,,, 
33,1.69355,3686,,,, 
34,1.75547,3744,,,, 
35,1.8174,3716,,,, 
36,1.87933,3677,,,, 
37,1.94127,3701,,,, 
38,2.00321,3543,,,, 
39,2.06516,3499,,,, 
40,2.12711,3372,,,, 
41,2.18907,3423,,,, 
42,2.25104,3365,,,, 
43,2.31301,3519,,,, 
44,2.37498,3575,,,, 
45,2.43697,3736,,,, 
46,2.49895,3887,,,, 
47,2.56095,4108,,,, 
48,2.62295,4269,,,, 
49,2.68495,4434,,,, 
50,2.74696,4418,,,, 
51,2.80898,4321,,,, 
52,2.871,4416,,,, 
53,2.93303,4196,,,, 
54,2.99506,3938,,,, 
55,3.0571,3664,,,, 
56,3.11914,3436,,,, 
57,3.18119,3076,,,, 
58,3.24325,2776,,,, 
59,3.30531,2540,,,, 
60,3.36738,2345,,,, 
61,3.42945,2133,,,, 
62,3.49153,2003,,,, 
63,3.55361,1905,,,, 
64,3.6157,1756,,,, 
65,3.6778,1587,,,, 
66,3.7399,1578,,,, 
67,3.80201,1445,,,, 
68,3.86412,1379,,,, 
69,3.92624,1280,,,, 
70,3.98836,1274,,,, 
71,4.05049,1207,,,, 
72,4.11262,1184,,,, 
73,4.17477,1136,,,, 
74,4.23691,1039,,,, 
75,4.29906,1302,,,, 
76,4.36122,1043,,,, 
77,4.42339,985,,,, 
78,4.48555,935,,,, 
79,4.54773,870,,,, 
80,4.60991,930,,,, 
81,4.6721,847,,,, 
82,4.73429,840,,,, 
83,4.79648,830,,,, 
84,4.85869,821,,,, 
85,4.9209,793,,,, 
86,4.98311,764,,,, 
87,5.04533,761,,,, 
88,5.10756,742,,,, 
89,5.16979,710,,,, 
90,5.23203,722,,,, 
91,5.29427,762,,,, 
92,5.35652,749,,,, 
93,5.41877,699,,,, 
94,5.48103,679,,,, 
95,5.5433,675,,,, 
96,5.60557,646,,,, 
97,5.66784,653,,,, 
98,5.73013,716,,,, 
99,5.79241,644,,,, 
100,5.85471,659,,,, 
101,5.91701,679,,,, 
102,5.97931,633,,,, 
103,6.04162,638,,,, 
104,6.10394,609,,,, 
105,6.16626,626,,,, 
106,6.22859,636,,,, 
107,6.29092,611,,,, 
108,6.35326,618,,,, 
109,6.41561,600,,,, 
110,6.47796,593,,,, 
111,6.54031,593,,,, 
112,6.60268,580,,,, 
113,6.66504,616,,,, 
114,6.72742,586,,,, 
115,6.78979,571,,,, 
116,6.85218,609,,,, 
117,6.91457,563,,,, 
118,6.97697,584,,,, 
119,7.03937,591,,,, 
120,7.10177,599,,,, 
121,7.16419,566,,,, 
122,7.2266,540,,,, 
123,7.28903,608,,,, 
124,7.35146,579,,,, 
125,7.41389,587,,,, 
126,7.47634,504,,,, 
127,7.53878,563,,,, 
128,7.60123,496,,,, 
129,7.66369,532,,,, 
130,7.72616,551,,,, 
131,7.78863,510,,,, 
132,7.8511,565,,,, 
133,7.91358,471,,,, 
134,7.97607,526,,,, 
135,8.03856,480,,,, 
136,8.10106,555,,,, 
137,8.16356,521,,,, 
138,8.22607,524,,,, 
139,8.28859,513,,,, 
140,8.35111,506,,,, 
141,8.41363,525,,,, 
142,8.47616,559,,,, 
143,8.5387,506,,,, 
144,8.60124,537,,,, 
145,8.66379,495,,,, 
146,8.72635,503,,,, 
147,8.78891,506,,,, 
148,8.85147,498,,,, 
149,8.91404,545,,,, 
150,8.97662,461,,,, 
151,9.0392,479,,,, 
152,9.10179,476,,,, 
153,9.16439,473,,,, 
154,9.22699,479,,,, 
155,9.28959,493,,,, 
156,9.3522,466,,,, 
157,9.41482,468,,,, 
158,9.47744,476,,,, 
159,9.54007,459,,,, 
160,9.6027,473,,,, 
161,9.66534,460,,,, 
162,9.72799,442,,,, 
163,9.79064,453,,,, 
164,9.8533,500,,,, 
165,9.91596,439,,,, 
166,9.97863,468,,,, 
167,10.0413,457,,,, 
168,10.104,431,,,, 
169,10.1667,470,,,, 
170,10.2294,464,,,, 
171,10.292,491,,,, 
172,10.3548,459,,,, 
173,10.4175,488,,,, 
174,10.4802,432,,,, 
175,10.5429,454,,,, 
176,10.6056,480,,,, 
177,10.6683,454,,,, 
178,10.7311,488,,,, 
179,10.7938,445,,,, 
180,10.8566,463,,,, 
181,10.9193,464,,,, 
182,10.9821,457,,,, 
183,11.0448,464,,,, 
184,11.1076,435,,,, 
185,11.1704,455,,,, 
186,11.2332,435,,,, 
187,11.296,425,,,, 
188,11.3588,481,,,, 
189,11.4215,437,,,, 
190,11.4844,466,,,, 
191,11.5472,443,,,, 
192,11.61,444,,,, 
193,11.6728,450,,,, 
194,11.7356,472,,,, 
195,11.7985,471,,,, 
196,11.8613,428,,,, 
197,11.9241,436,,,, 
198,11.987,452,,,, 
199,12.0498,459,,,, 
200,12.1127,438,,,, 
201,12.1756,443,,,, 
202,12.2384,473,,,, 
203,12.3013,424,,,, 
204,12.3642,441,,,, 
205,12.4271,426,,,, 
206,12.49,442,,,, 
207,12.5529,444,,,, 
208,12.6158,406,,,, 
209,12.6787,409,,,, 
210,12.7416,459,,,, 
211,12.8045,439,,,, 
212,12.8675,433,,,, 
213,12.9304,472,,,, 
214,12.9933,418,,,, 
215,13.0563,417,,,, 
216,13.1192,411,,,, 
217,13.1822,435,,,, 
218,13.2452,432,,,, 
219,13.3081,483,,,, 
220,13.3711,516,,,, 
221,13.4341,553,,,, 
222,13.4971,631,,,, 
223,13.5601,697,,,, 
224,13.6231,876,,,, 
225,13.6861,1049,,,, 
226,13.7491,1075,,,, 
227,13.8121,1112,,,, 
228,13.8751,966,,,, 
229,13.9381,835,,,, 
230,14.0011,686,,,, 
231,14.0642,547,,,, 
232,14.1272,479,,,, 
233,14.1903,406,,,, 
234,14.2533,429,,,, 
235,14.3164,386,,,, 
236,14.3795,397,,,, 
237,14.4425,411,,,, 
238,14.5056,387,,,, 
239,14.5687,375,,,, 
240,14.6318,427,,,, 
241,14.6949,383,,,, 
242,14.758,364,,,, 
243,14.8211,411,,,, 
244,14.8842,405,,,, 
245,14.9473,412,,,, 
246,15.0104,372,,,, 
247,15.0735,367,,,, 
248,15.1367,400,,,, 
249,15.1998,394,,,, 
250,15.2629,419,,,, 
251,15.3261,382,,,, 
252,15.3893,379,,,, 
253,15.4524,392,,,, 
254,15.5156,319,,,, 
255,15.5788,359,,,, 
256,15.6419,372,,,, 
257,15.7051,353,,,, 
258,15.7683,371,,,, 
259,15.8315,387,,,, 
260,15.8947,410,,,, 
261,15.9579,373,,,, 
262,16.0211,401,,,, 
263,16.0843,360,,,, 
264,16.1476,399,,,, 
265,16.2108,386,,,, 
266,16.274,396,,,, 
267,16.3373,370,,,, 
268,16.4005,379,,,, 
269,16.4638,425,,,, 
270,16.527,432,,,, 
271,16.5903,493,,,, 
272,16.6535,462,,,, 
273,16.7168,509,,,, 
274,16.7801,520,,,, 
275,16.8434,479,,,, 
276,16.9067,484,,,, 
277,16.97,472,,,, 
278,17.0333,422,,,, 
279,17.0966,390,,,, 
280,17.1599,374,,,, 
281,17.2232,388,,,, 
282,17.2865,326,,,, 
283,17.3499,351,,,, 
284,17.4132,371,,,, 
285,17.4765,359,,,, 
286,17.5399,369,,,, 
287,17.6032,367,,,, 
288,17.6666,336,,,, 
289,17.73,411,,,, 
290,17.7933,388,,,, 
291,17.8567,350,,,, 
292,17.9201,326,,,, 
293,17.9835,359,,,, 
294,18.0469,365,,,, 
295,18.1103,397,,,, 
296,18.1737,335,,,, 
297,18.2371,338,,,, 
298,18.3005,362,,,, 
299,18.3639,369,,,, 
300,18.4274,349,,,, 
301,18.4908,367,,,, 
302,18.5542,348,,,, 
303,18.6177,335,,,, 
304,18.6811,343,,,, 
305,18.7446,351,,,, 
306,18.808,349,,,, 
307,18.8715,376,,,, 
308,18.935,366,,,, 
309,18.9985,406,,,, 
310,19.0619,355,,,, 
311,19.1254,371,,,, 
312,19.1889,372,,,, 
313,19.2524,347,,,, 
314,19.3159,336,,,, 
315,19.3794,326,,,, 
316,19.443,314,,,, 
317,19.5065,345,,,, 
318,19.57,367,,,, 
319,19.6335,328,,,, 
320,19.6971,323,,,, 
321,19.7606,348,,,, 
322,19.8242,317,,,, 
323,19.8877,330,,,, 
324,19.9513,325,,,, 
325,20.0149,342,,,, 
326,20.0785,342,,,, 
327,20.142,342,,,, 
328,20.2056,355,,,, 
329,20.2692,323,,,, 
330,20.3328,338,,,, 
331,20.3964,334,,,, 
332,20.46,314,,,, 
333,20.5236,361,,,, 
334,20.5873,342,,,, 
335,20.6509,352,,,, 
336,20.7145,359,,,, 
337,20.7781,338,,,, 
338,20.8418,313,,,, 
339,20.9054,344,,,, 
340,20.9691,317,,,, 
341,21.0327,325,,,, 
342,21.0964,311,,,, 
343,21.1601,322,,,, 
344,21.2238,339,,,, 
345,21.2874,331,,,, 
346,21.3511,327,,,, 
347,21.4148,337,,,, 
348,21.4785,314,,,, 
349,21.5422,317,,,, 
350,21.6059,309,,,, 
351,21.6697,311,,,, 
352,21.7334,326,,,, 
353,21.7971,336,,,, 
354,21.8608,399,,,, 
355,21.9246,321,,,, 
356,21.9883,327,,,, 
357,22.0521,353,,,, 
358,22.1158,349,,,, 
359,22.1796,351,,,, 
360,22.2434,340,,,, 
361,22.3071,290,,,, 
362,22.3709,315,,,, 
363,22.4347,355,,,, 
364,22.4985,307,,,, 
365,22.5623,325,,,, 
366,22.6261,334,,,, 
367,22.6899,293,,,, 
368,22.7537,327,,,, 
369,22.8175,320,,,, 
370,22.8813,320,,,, 
371,22.9452,321,,,, 
372,23.009,313,,,, 
373,23.0728,338,,,, 
374,23.1367,317,,,, 
375,23.2005,371,,,, 
376,23.2644,364,,,, 
377,23.3283,391,,,, 
378,23.3921,358,,,, 
379,23.456,395,,,, 
380,23.5199,400,,,, 
381,23.5838,347,,,, 
382,23.6477,363,,,, 
383,23.7116,331,,,, 
384,23.7755,328,,,, 
385,23.8394,317,,,, 
386,23.9033,316,,,, 
387,23.9672,314,,,, 
388,24.0311,330,,,, 
389,24.0951,308,,,, 
390,24.159,272,,,, 
391,24.2229,308,,,, 
392,24.2869,293,,,, 
393,24.3508,282,,,, 
394,24.4148,277,,,, 
395,24.4788,285,,,, 
396,24.5427,310,,,, 
397,24.6067,322,,,, 
398,24.6707,328,,,, 
399,24.7347,292,,,, 
400,24.7987,296,,,, 
401,24.8627,273,,,, 
402,24.9267,318,,,, 
403,24.9907,321,,,, 
404,25.0547,319,,,, 
405,25.1187,304,,,, 
406,25.1828,275,,,, 
407,25.2468,300,,,, 
408,25.3108,304,,,, 
409,25.3749,321,,,, 
410,25.4389,305,,,, 
411,25.503,273,,,, 
412,25.567,283,,,, 
413,25.6311,308,,,, 
414,25.6952,296,,,, 
415,25.7593,296,,,, 
416,25.8234,307,,,, 
417,25.8874,298,,,, 
418,25.9515,289,,,, 
419,26.0156,298,,,, 
420,26.0797,287,,,, 
421,26.1439,312,,,, 
422,26.208,275,,,, 
423,26.2721,332,,,, 
424,26.3362,300,,,, 
425,26.4004,285,,,, 
426,26.4645,336,,,, 
427,26.5287,304,,,, 
428,26.5928,305,,,, 
429,26.657,311,,,, 
430,26.7211,320,,,, 
431,26.7853,339,,,, 
432,26.8495,279,,,, 
433,26.9137,298,,,, 
434,26.9778,267,,,, 
435,27.042,308,,,, 
436,27.1062,306,,,, 
437,27.1704,283,,,, 
438,27.2346,313,,,, 
439,27.2989,287,,,, 
440,27.3631,308,,,, 
441,27.4273,285,,,, 
442,27.4915,290,,,, 
443,27.5558,293,,,, 
444,27.62,259,,,, 
445,27.6843,314,,,, 
446,27.7485,303,,,, 
447,27.8128,320,,,, 
448,27.877,300,,,, 
449,27.9413,297,,,, 
450,28.0056,283,,,, 
451,28.0699,305,,,, 
452,28.1342,329,,,, 
453,28.1985,311,,,, 
454,28.2628,316,,,, 
455,28.3271,265,,,, 
456,28.3914,292,,,, 
457,28.4557,312,,,, 
458,28.52,291,,,, 
459,28.5843,304,,,, 
460,28.6487,311,,,, 
461,28.713,311,,,, 
462,28.7774,284,,,, 
463,28.8417,309,,,, 
464,28.9061,288,,,, 
465,28.9704,260,,,, 
466,29.0348,279,,,, 
467,29.0992,301,,,, 
468,29.1635,265,,,, 
469,29.2279,295,,,, 
470,29.2923,279,,,, 
471,29.3567,305,,,, 
472,29.4211,294,,,, 
473,29.4855,275,,,, 
474,29.5499,299,,,, 
475,29.6144,280,,,, 
476,29.6788,291,,,, 
477,29.7432,278,,,, 
478,29.8076,297,,,, 
479,29.8721,269,,,, 
480,29.9365,312,,,, 
481,30.001,283,,,, 
482,30.0654,291,,,, 
483,30.1299,297,,,, 
484,30.1944,304,,,, 
485,30.2589,271,,,, 
486,30.3233,295,,,, 
487,30.3878,281,,,, 
488,30.4523,316,,,, 
489,30.5168,327,,,, 
490,30.5813,340,,,, 
491,30.6458,300,,,, 
492,30.7103,284,,,, 
493,30.7749,303,,,, 
494,30.8394,277,,,, 
495,30.9039,329,,,, 
496,30.9685,268,,,, 
497,31.033,285,,,, 
498,31.0976,296,,,, 
499,31.1621,295,,,, 
500,31.2267,291,,,, 
501,31.2912,313,,,, 
502,31.3558,316,,,, 
503,31.4204,313,,,, 
504,31.485,327,,,, 
505,31.5496,313,,,, 
506,31.6141,291,,,, 
507,31.6787,307,,,, 
508,31.7434,320,,,, 
509,31.808,282,,,, 
510,31.8726,315,,,, 
511,31.9372,300,,,, 
512,32.0018,290,,,, 
513,32.0665,294,,,, 
514,32.1311,315,,,, 
515,32.1958,272,,,, 
516,32.2604,288,,,, 
517,32.3251,262,,,, 
518,32.3897,310,,,, 
519,32.4544,321,,,, 
520,32.5191,316,,,, 
521,32.5837,259,,,, 
522,32.6484,274,,,, 
523,32.7131,315,,,, 
524,32.7778,285,,,, 
525,32.8425,288,,,, 
526,32.9072,307,,,, 
527,32.9719,308,,,, 
528,33.0367,301,,,, 
529,33.1014,272,,,, 
530,33.1661,320,,,, 
531,33.2308,267,,,, 
532,33.2956,317,,,, 
533,33.3603,310,,,, 
534,33.4251,293,,,, 
535,33.4898,309,,,, 
536,33.5546,263,,,, 
537,33.6194,313,,,, 
538,33.6842,301,,,, 
539,33.7489,307,,,, 
540,33.8137,294,,,, 
541,33.8785,321,,,, 
542,33.9433,283,,,, 
543,34.0081,288,,,, 
544,34.0729,317,,,, 
545,34.1377,286,,,, 
546,34.2026,283,,,, 
547,34.2674,304,,,, 
548,34.3322,293,,,, 
549,34.3971,304,,,, 
550,34.4619,316,,,, 
551,34.5268,299,,,, 
552,34.5916,295,,,, 
553,34.6565,305,,,, 
554,34.7213,278,,,, 
555,34.7862,274,,,, 
556,34.8511,288,,,, 
557,34.916,306,,,, 
558,34.9809,310,,,, 
559,35.0458,300,,,, 
560,35.1107,282,,,, 
561,35.1756,295,,,, 
562,35.2405,289,,,, 
563,35.3054,308,,,, 
564,35.3703,324,,,, 
565,35.4352,324,,,, 
566,35.5002,283,,,, 
567,35.5651,287,,,, 
568,35.6301,286,,,, 
569,35.695,307,,,, 
570,35.76,305,,,, 
571,35.8249,298,,,, 
572,35.8899,303,,,, 
573,35.9549,291,,,, 
574,36.0199,305,,,, 
575,36.0848,273,,,, 
576,36.1498,299,,,, 
577,36.2148,278,,,, 
578,36.2798,296,,,, 
579,36.3448,306,,,, 
580,36.4099,280,,,, 
581,36.4749,301,,,, 
582,36.5399,272,,,, 
583,36.6049,308,,,, 
584,36.67,258,,,, 
585,36.735,261,,,, 
586,36.8001,316,,,, 
587,36.8651,288,,,, 
588,36.9302,295,,,, 
589,36.9952,283,,,, 
590,37.0603,289,,,, 
591,37.1254,278,,,, 
592,37.1905,257,,,, 
593,37.2555,310,,,, 
594,37.3206,281,,,, 
595,37.3857,276,,,, 
596,37.4508,269,,,, 
597,37.516,274,,,, 
598,37.5811,259,,,, 
599,37.6462,279,,,, 
600,37.7113,267,,,, 
601,37.7765,273,,,, 
602,37.8416,306,,,, 
603,37.9067,266,,,, 
604,37.9719,277,,,, 
605,38.037,285,,,, 
606,38.1022,253,,,, 
607,38.1674,257,,,, 
608,38.2325,240,,,, 
609,38.2977,272,,,, 
610,38.3629,249,,,, 
611,38.4281,242,,,, 
612,38.4933,251,,,, 
613,38.5585,223,,,, 
614,38.6237,220,,,, 
615,38.6889,229,,,, 
616,38.7541,216,,,, 
617,38.8193,247,,,, 
618,38.8846,248,,,, 
619,38.9498,234,,,, 
620,39.015,228,,,, 
621,39.0803,232,,,, 
622,39.1455,197,,,, 
623,39.2108,226,,,, 
624,39.2761,214,,,, 
625,39.3413,241,,,, 
626,39.4066,239,,,, 
627,39.4719,231,,,, 
628,39.5372,216,,,, 
629,39.6025,221,,,, 
630,39.6678,193,,,, 
631,39.7331,229,,,, 
632,39.7984,189,,,, 
633,39.8637,214,,,, 
634,39.929,185,,,, 
635,39.9943,189,,,, 
636,40.0597,207,,,, 
637,40.125,199,,,, 
638,40.1903,201,,,, 
639,40.2557,187,,,, 
640,40.321,222,,,, 
641,40.3864,184,,,, 
642,40.4518,192,,,, 
643,40.5171,183,,,, 
644,40.5825,184,,,, 
645,40.6479,201,,,, 
646,40.7133,219,,,, 
647,40.7787,195,,,, 
648,40.8441,195,,,, 
649,40.9095,228,,,, 
650,40.9749,210,,,, 
651,41.0403,199,,,, 
652,41.1057,200,,,, 
653,41.1712,197,,,, 
654,41.2366,177,,,, 
655,41.302,187,,,, 
656,41.3675,205,,,, 
657,41.4329,177,,,, 
658,41.4984,182,,,, 
659,41.5638,202,,,, 
660,41.6293,200,,,, 
661,41.6948,184,,,, 
662,41.7603,179,,,, 
663,41.8257,193,,,, 
664,41.8912,187,,,, 
665,41.9567,196,,,, 
666,42.0222,156,,,, 
667,42.0877,180,,,, 
668,42.1532,168,,,, 
669,42.2188,158,,,, 
670,42.2843,163,,,, 
671,42.3498,164,,,, 
672,42.4154,175,,,, 
673,42.4809,191,,,, 
674,42.5464,167,,,, 
675,42.612,161,,,, 
676,42.6776,176,,,, 
677,42.7431,161,,,, 
678,42.8087,174,,,, 
679,42.8743,188,,,, 
680,42.9398,200,,,, 
681,43.0054,163,,,, 
682,43.071,171,,,, 
683,43.1366,166,,,, 
684,43.2022,164,,,, 
685,43.2678,163,,,, 
686,43.3334,178,,,, 
687,43.3991,182,,,, 
688,43.4647,155,,,, 
689,43.5303,172,,,, 
690,43.596,188,,,, 
691,43.6616,176,,,, 
692,43.7272,163,,,, 
693,43.7929,161,,,, 
694,43.8586,153,,,, 
695,43.9242,146,,,, 
696,43.9899,166,,,, 
697,44.0556,167,,,, 
698,44.1213,161,,,, 
699,44.1869,145,,,, 
700,44.2526,166,,,, 
701,44.3183,179,,,, 
702,44.384,185,,,, 
703,44.4497,157,,,, 
704,44.5155,179,,,, 
705,44.5812,194,,,, 
706,44.6469,163,,,, 
707,44.7126,150,,,, 
708,44.7784,182,,,, 
709,44.8441,155,,,, 
710,44.9099,150,,,, 
711,44.9756,169,,,, 
712,45.0414,169,,,, 
713,45.1072,151,,,, 
714,45.1729,149,,,, 
715,45.2387,168,,,, 
716,45.3045,160,,,, 
717,45.3703,161,,,, 
718,45.4361,168,,,, 
719,45.5019,180,,,, 
720,45.5677,144,,,, 
721,45.6335,173,,,, 
722,45.6993,152,,,, 
723,45.7652,149,,,, 
724,45.831,176,,,, 
725,45.8968,166,,,, 
726,45.9627,163,,,, 
727,46.0285,164,,,, 
728,46.0944,159,,,, 
729,46.1602,154,,,, 
730,46.2261,163,,,, 
731,46.2919,144,,,, 
732,46.3578,162,,,, 
733,46.4237,161,,,, 
734,46.4896,164,,,, 
735,46.5555,136,,,, 
736,46.6214,168,,,, 
737,46.6873,166,,,, 
738,46.7532,168,,,, 
739,46.8191,158,,,, 
740,46.885,143,,,, 
741,46.951,150,,,, 
742,47.0169,161,,,, 
743,47.0828,171,,,, 
744,47.1488,157,,,, 
745,47.2147,158,,,, 
746,47.2807,141,,,, 
747,47.3466,162,,,, 
748,47.4126,148,,,, 
749,47.4786,150,,,, 
750,47.5445,152,,,, 
751,47.6105,158,,,, 
752,47.6765,142,,,, 
753,47.7425,161,,,, 
754,47.8085,155,,,, 
755,47.8745,164,,,, 
756,47.9405,158,,,, 
757,48.0065,161,,,, 
758,48.0726,168,,,, 
759,48.1386,149,,,, 
760,48.2046,130,,,, 
761,48.2707,162,,,, 
762,48.3367,161,,,, 
763,48.4028,175,,,, 
764,48.4688,145,,,, 
765,48.5349,131,,,, 
766,48.6009,162,,,, 
767,48.667,150,,,, 
768,48.7331,162,,,, 
769,48.7992,162,,,, 
770,48.8653,169,,,, 
771,48.9314,155,,,, 
772,48.9975,147,,,, 
773,49.0636,132,,,, 
774,49.1297,137,,,, 
775,49.1958,147,,,, 
776,49.2619,147,,,, 
777,49.3281,149,,,, 
778,49.3942,144,,,, 
779,49.4603,156,,,, 
780,49.5265,150,,,, 
781,49.5926,156,,,, 
782,49.6588,156,,,, 
783,49.725,162,,,, 
784,49.7911,153,,,, 
785,49.8573,155,,,, 
786,49.9235,144,,,, 
787,49.9897,157,,,, 
788,50.0559,134,,,, 
789,50.1221,152,,,, 
790,50.1883,129,,,, 
791,50.2545,167,,,, 
792,50.3207,154,,,, 
793,50.3869,149,,,, 
794,50.4531,163,,,, 
795,50.5194,165,,,, 
796,50.5856,141,,,, 
797,50.6519,161,,,, 
798,50.7181,158,,,, 
799,50.7844,149,,,, 
800,50.8506,156,,,, 
801,50.9169,148,,,, 
802,50.9832,163,,,, 
803,51.0494,158,,,, 
804,51.1157,144,,,, 
805,51.182,152,,,, 
806,51.2483,158,,,, 
807,51.3146,162,,,, 
808,51.3809,139,,,, 
809,51.4472,164,,,, 
810,51.5135,166,,,, 
811,51.5799,146,,,, 
812,51.6462,148,,,, 
813,51.7125,163,,,, 
814,51.7789,164,,,, 
815,51.8452,140,,,, 
816,51.9115,138,,,, 
817,51.9779,144,,,, 
818,52.0443,159,,,, 
819,52.1106,154,,,, 
820,52.177,137,,,, 
821,52.2434,127,,,, 
822,52.3098,150,,,, 
823,52.3762,162,,,, 
824,52.4426,146,,,, 
825,52.509,164,,,, 
826,52.5754,166,,,, 
827,52.6418,144,,,, 
828,52.7082,156,,,, 
829,52.7746,160,,,, 
830,52.8411,175,,,, 
831,52.9075,175,,,, 
832,52.9739,154,,,, 
833,53.0404,183,,,, 
834,53.1068,133,,,, 
835,53.1733,152,,,, 
836,53.2398,146,,,, 
837,53.3062,149,,,, 
838,53.3727,159,,,, 
839,53.4392,169,,,, 
840,53.5057,147,,,, 
841,53.5722,165,,,, 
842,53.6387,150,,,, 
843,53.7052,197,,,, 
844,53.7717,151,,,, 
845,53.8382,162,,,, 
846,53.9047,140,,,, 
847,53.9712,178,,,, 
848,54.0378,153,,,, 
849,54.1043,150,,,, 
850,54.1709,186,,,, 
851,54.2374,169,,,, 
852,54.304,149,,,, 
853,54.3705,165,,,, 
854,54.4371,152,,,, 
855,54.5037,163,,,, 
856,54.5702,180,,,, 
857,54.6368,148,,,, 
858,54.7034,165,,,, 
859,54.77,155,,,, 
860,54.8366,148,,,, 
861,54.9032,143,,,, 
862,54.9698,160,,,, 
863,55.0364,170,,,, 
864,55.1031,170,,,, 
865,55.1697,171,,,, 
866,55.2363,129,,,, 
867,55.303,195,,,, 
868,55.3696,179,,,, 
869,55.4363,172,,,, 
870,55.5029,174,,,, 
871,55.5696,162,,,, 
872,55.6362,170,,,, 
873,55.7029,148,,,, 
874,55.7696,181,,,, 
875,55.8363,171,,,, 
876,55.903,169,,,, 
877,55.9697,149,,,, 
878,56.0364,160,,,, 
879,56.1031,140,,,, 
880,56.1698,174,,,, 
881,56.2365,176,,,, 
882,56.3032,156,,,, 
883,56.37,178,,,, 
884,56.4367,170,,,, 
885,56.5035,185,,,, 
886,56.5702,178,,,, 
887,56.637,154,,,, 
888,56.7037,161,,,, 
889,56.7705,164,,,, 
890,56.8372,186,,,, 
891,56.904,166,,,, 
892,56.9708,178,,,, 
893,57.0376,177,,,, 
894,57.1044,159,,,, 
895,57.1712,172,,,, 
896,57.238,177,,,, 
897,57.3048,165,,,, 
898,57.3716,185,,,, 
899,57.4384,170,,,, 
900,57.5053,162,,,, 
901,57.5721,195,,,, 
902,57.6389,171,,,, 
903,57.7058,164,,,, 
904,57.7726,183,,,, 
905,57.8395,220,,,, 
906,57.9063,193,,,, 
907,57.9732,177,,,, 
908,58.0401,170,,,, 
909,58.107,192,,,, 
910,58.1738,175,,,, 
911,58.2407,195,,,, 
912,58.3076,163,,,, 
913,58.3745,184,,,, 
914,58.4414,197,,,, 
915,58.5083,156,,,, 
916,58.5753,178,,,, 
917,58.6422,189,,,, 
918,58.7091,176,,,, 
919,58.776,172,,,, 
920,58.843,168,,,, 
921,58.9099,171,,,, 
922,58.9769,194,,,, 
923,59.0438,195,,,, 
924,59.1108,182,,,, 
925,59.1778,183,,,, 
926,59.2447,175,,,, 
927,59.3117,217,,,, 
928,59.3787,203,,,, 
929,59.4457,191,,,, 
930,59.5127,181,,,, 
931,59.5797,204,,,, 
932,59.6467,215,,,, 
933,59.7137,195,,,, 
934,59.7807,197,,,, 
935,59.8478,187,,,, 
936,59.9148,179,,,, 
937,59.9818,180,,,, 
938,60.0489,200,,,, 
939,60.1159,189,,,, 
940,60.183,187,,,, 
941,60.25,197,,,, 
942,60.3171,205,,,, 
943,60.3842,157,,,, 
944,60.4513,177,,,, 
945,60.5183,181,,,, 
946,60.5854,162,,,, 
947,60.6525,197,,,, 
948,60.7196,202,,,, 
949,60.7867,215,,,, 
950,60.8538,182,,,, 
951,60.9209,187,,,, 
952,60.9881,197,,,, 
953,61.0552,199,,,, 
954,61.1223,215,,,, 
955,61.1895,181,,,, 
956,61.2566,177,,,, 
957,61.3238,203,,,, 
958,61.3909,173,,,, 
959,61.4581,191,,,, 
960,61.5252,188,,,, 
961,61.5924,187,,,, 
962,61.6596,175,,,, 
963,61.7268,167,,,, 
964,61.794,191,,,, 
965,61.8612,203,,,, 
966,61.9284,200,,,, 
967,61.9956,213,,,, 
968,62.0628,204,,,, 
969,62.13,215,,,, 
970,62.1972,215,,,, 
971,62.2645,214,,,, 
972,62.3317,192,,,, 
973,62.3989,202,,,, 
974,62.4662,217,,,, 
975,62.5334,199,,,, 
976,62.6007,205,,,, 
977,62.6679,220,,,, 
978,62.7352,215,,,, 
979,62.8025,189,,,, 
980,62.8698,202,,,, 
981,62.9371,192,,,, 
982,63.0044,212,,,, 
983,63.0716,196,,,, 
984,63.139,211,,,, 
985,63.2063,223,,,, 
986,63.2736,223,,,, 
987,63.3409,229,,,, 
988,63.4082,200,,,, 
989,63.4756,190,,,, 
990,63.5429,222,,,, 
991,63.6102,207,,,, 
992,63.6776,220,,,, 
993,63.7449,193,,,, 
994,63.8123,228,,,, 
995,63.8797,211,,,, 
996,63.947,205,,,, 
997,64.0144,209,,,, 
998,64.0818,212,,,, 
999,64.1492,214,,,, 
1000,64.2166,224,,,, 
1001,64.284,221,,,, 
1002,64.3514,210,,,, 
1003,64.4188,218,,,, 
1004,64.4862,215,,,, 
1005,64.5536,224,,,, 
1006,64.621,231,,,, 
1007,64.6885,226,,,, 
1008,64.7559,276,,,, 
1009,64.8234,249,,,, 
1010,64.8908,218,,,, 
1011,64.9583,219,,,, 
1012,65.0257,225,,,, 
1013,65.0932,239,,,, 
1014,65.1607,233,,,, 
1015,65.2282,238,,,, 
1016,65.2956,234,,,, 
1017,65.3631,218,,,, 
1018,65.4306,224,,,, 
1019,65.4981,258,,,, 
1020,65.5656,245,,,, 
1021,65.6331,221,,,, 
1022,65.7007,232,,,, 
1023,65.7682,220,,,, 
1024,65.8357,214,,,, 
1025,65.9032,247,,,, 
1026,65.9708,219,,,, 
1027,66.0383,219,,,, 
1028,66.1059,228,,,, 
1029,66.1734,267,,,, 
1030,66.241,238,,,, 
1031,66.3086,237,,,, 
1032,66.3762,251,,,, 
1033,66.4437,227,,,, 
1034,66.5113,255,,,, 
1035,66.5789,244,,,, 
1036,66.6465,272,,,, 
1037,66.7141,264,,,, 
1038,66.7817,229,,,, 
1039,66.8493,234,,,, 
1040,66.917,263,,,, 
1041,66.9846,245,,,, 
1042,67.0522,257,,,, 
1043,67.1199,246,,,, 
1044,67.1875,244,,,, 
1045,67.2551,270,,,, 
1046,67.3228,272,,,, 
1047,67.3905,283,,,, 
1048,67.4581,258,,,, 
1049,67.5258,265,,,, 
1050,67.5935,241,,,, 
1051,67.6612,252,,,, 
1052,67.7288,240,,,, 
1053,67.7965,261,,,, 
1054,67.8642,263,,,, 
1055,67.9319,267,,,, 
1056,67.9997,233,,,, 
1057,68.0674,250,,,, 
1058,68.1351,261,,,, 
1059,68.2028,256,,,, 
1060,68.2706,265,,,, 
1061,68.3383,273,,,, 
1062,68.406,269,,,, 
1063,68.4738,273,,,, 
1064,68.5415,281,,,, 
1065,68.6093,254,,,, 
1066,68.6771,282,,,, 
1067,68.7448,246,,,, 
1068,68.8126,264,,,, 
1069,68.8804,247,,,, 
1070,68.9482,276,,,, 
1071,69.016,293,,,, 
1072,69.0838,254,,,, 
1073,69.1516,265,,,, 
1074,69.2194,262,,,, 
1075,69.2872,264,,,, 
1076,69.3551,259,,,, 
1077,69.4229,258,,,, 
1078,69.4907,284,,,, 
1079,69.5586,283,,,, 
1080,69.6264,245,,,, 
1081,69.6943,246,,,, 
1082,69.7621,265,,,, 
1083,69.83,282,,,, 
1084,69.8979,276,,,, 
1085,69.9657,245,,,, 
1086,70.0336,276,,,, 
1087,70.1015,250,,,, 
1088,70.1694,269,,,, 
1089,70.2373,273,,,, 
1090,70.3052,294,,,, 
1091,70.3731,290,,,, 
1092,70.441,285,,,, 
1093,70.5089,276,,,, 
1094,70.5769,278,,,, 
1095,70.6448,258,,,, 
1096,70.7127,294,,,, 
1097,70.7807,246,,,, 
1098,70.8486,286,,,, 
1099,70.9166,275,,,, 
1100,70.9845,294,,,, 
1101,71.0525,249,,,, 
1102,71.1205,281,,,, 
1103,71.1885,292,,,, 
1104,71.2564,263,,,, 
1105,71.3244,266,,,, 
1106,71.3924,291,,,, 
1107,71.4604,277,,,, 
1108,71.5284,267,,,, 
1109,71.5964,277,,,, 
1110,71.6645,263,,,, 
1111,71.7325,261,,,, 
1112,71.8005,302,,,, 
1113,71.8685,301,,,, 
1114,71.9366,278,,,, 
1115,72.0046,305,,,, 
1116,72.0727,288,,,, 
1117,72.1407,297,,,, 
1118,72.2088,268,,,, 
1119,72.2769,279,,,, 
1120,72.3449,267,,,, 
1121,72.413,270,,,, 
1122,72.4811,300,,,, 
1123,72.5492,278,,,, 
1124,72.6173,293,,,, 
1125,72.6854,284,,,, 
1126,72.7535,263,,,, 
1127,72.8216,273,,,, 
1128,72.8897,262,,,, 
1129,72.9579,318,,,, 
1130,73.026,275,,,, 
1131,73.0941,308,,,, 
1132,73.1623,301,,,, 
1133,73.2304,269,,,, 
1134,73.2986,323,,,, 
1135,73.3667,302,,,, 
1136,73.4349,311,,,, 
1137,73.5031,285,,,, 
1138,73.5712,291,,,, 
1139,73.6394,285,,,, 
1140,73.7076,293,,,, 
1141,73.7758,308,,,, 
1142,73.844,307,,,, 
1143,73.9122,292,,,, 
1144,73.9804,301,,,, 
1145,74.0486,289,,,, 
1146,74.1168,297,,,, 
1147,74.1851,298,,,, 
1148,74.2533,318,,,, 
1149,74.3215,265,,,, 
1150,74.3898,270,,,, 
1151,74.458,303,,,, 
1152,74.5263,280,,,, 
1153,74.5945,299,,,, 
1154,74.6628,331,,,, 
1155,74.7311,313,,,, 
1156,74.7994,310,,,, 
1157,74.8676,318,,,, 
1158,74.9359,323,,,, 
1159,75.0042,365,,,, 
1160,75.0725,342,,,, 
1161,75.1408,335,,,, 
1162,75.2091,337,,,, 
1163,75.2775,330,,,, 
1164,75.3458,303,,,, 
1165,75.4141,290,,,, 
1166,75.4824,312,,,, 
1167,75.5508,315,,,, 
1168,75.6191,302,,,, 
1169,75.6875,273,,,, 
1170,75.7558,294,,,, 
1171,75.8242,276,,,, 
1172,75.8926,283,,,, 
1173,75.9609,311,,,, 
1174,76.0293,294,,,, 
1175,76.0977,314,,,, 
1176,76.1661,276,,,, 
1177,76.2345,293,,,, 
1178,76.3029,320,,,, 
1179,76.3713,303,,,, 
1180,76.4397,283,,,, 
1181,76.5081,308,,,, 
1182,76.5766,295,,,, 
1183,76.645,321,,,, 
1184,76.7134,315,,,, 
1185,76.7819,301,,,, 
1186,76.8503,311,,,, 
1187,76.9188,334,,,, 
1188,76.9872,317,,,, 
1189,77.0557,328,,,, 
1190,77.1242,334,,,, 
1191,77.1926,353,,,, 
1192,77.2611,409,,,, 
1193,77.3296,333,,,, 
1194,77.3981,369,,,, 
1195,77.4666,345,,,, 
1196,77.5351,352,,,, 
1197,77.6036,323,,,, 
1198,77.6721,357,,,, 
1199,77.7407,297,,,, 
1200,77.8092,320,,,, 
1201,77.8777,352,,,, 
1202,77.9463,290,,,, 
1203,78.0148,303,,,, 
1204,78.0833,279,,,, 
1205,78.1519,330,,,, 
1206,78.2205,331,,,, 
1207,78.289,308,,,, 
1208,78.3576,309,,,, 
1209,78.4262,316,,,, 
1210,78.4948,319,,,, 
1211,78.5634,304,,,, 
1212,78.6319,275,,,, 
1213,78.7005,340,,,, 
1214,78.7692,329,,,, 
1215,78.8378,314,,,, 
1216,78.9064,326,,,, 
1217,78.975,326,,,, 
1218,79.0436,305,,,, 
1219,79.1123,309,,,, 
1220,79.1809,313,,,, 
1221,79.2496,318,,,, 
1222,79.3182,325,,,, 
1223,79.3869,291,,,, 
1224,79.4555,333,,,, 
1225,79.5242,319,,,, 
1226,79.5929,330,,,, 
1227,79.6615,303,,,, 
1228,79.7302,331,,,, 
1229,79.7989,312,,,, 
1230,79.8676,309,,,, 
1231,79.9363,327,,,, 
1232,80.005,308,,,, 
1233,80.0737,375,,,, 
1234,80.1425,339,,,, 
1235,80.2112,313,,,, 
1236,80.2799,345,,,, 
1237,80.3487,342,,,, 
1238,80.4174,352,,,, 
1239,80.4861,332,,,, 
1240,80.5549,352,,,, 
1241,80.6237,356,,,, 
1242,80.6924,322,,,, 
1243,80.7612,384,,,, 
1244,80.83,349,,,, 
1245,80.8988,339,,,, 
1246,80.9675,324,,,, 
1247,81.0363,345,,,, 
1248,81.1051,300,,,, 
1249,81.1739,409,,,, 
1250,81.2427,355,,,, 
1251,81.3116,377,,,, 
1252,81.3804,343,,,, 
1253,81.4492,377,,,, 
1254,81.518,342,,,, 
1255,81.5869,354,,,, 
1256,81.6557,371,,,, 
1257,81.7246,361,,,, 
1258,81.7934,366,,,, 
1259,81.8623,423,,,, 
1260,81.9312,392,,,, 
1261,82,404,,,, 
1262,82.0689,387,,,, 
1263,82.1378,435,,,, 
1264,82.2067,380,,,, 
1265,82.2756,415,,,, 
1266,82.3445,395,,,, 
1267,82.4134,411,,,, 
1268,82.4823,408,,,, 
1269,82.5512,437,,,, 
1270,82.6201,437,,,, 
1271,82.6891,456,,,, 
1272,82.758,428,,,, 
1273,82.8269,453,,,, 
1274,82.8959,473,,,, 
1275,82.9648,450,,,, 
1276,83.0338,442,,,, 
1277,83.1028,470,,,, 
1278,83.1717,462,,,, 
1279,83.2407,514,,,, 
1280,83.3097,537,,,, 
1281,83.3787,528,,,, 
1282,83.4477,478,,,, 
1283,83.5167,510,,,, 
1284,83.5857,543,,,, 
1285,83.6547,532,,,, 
1286,83.7237,565,,,, 
1287,83.7927,524,,,, 
1288,83.8617,507,,,, 
1289,83.9308,539,,,, 
1290,83.9998,551,,,, 
1291,84.0688,584,,,, 
1292,84.1379,564,,,, 
1293,84.2069,576,,,, 
1294,84.276,515,,,, 
1295,84.3451,579,,,, 
1296,84.4141,544,,,, 
1297,84.4832,508,,,, 
1298,84.5523,593,,,, 
1299,84.6214,580,,,, 
1300,84.6905,575,,,, 
1301,84.7596,595,,,, 
1302,84.8287,569,,,, 
1303,84.8978,637,,,, 
1304,84.9669,566,,,, 
1305,85.036,577,,,, 
1306,85.1052,581,,,, 
1307,85.1743,572,,,, 
1308,85.2434,590,,,, 
1309,85.3126,578,,,, 
1310,85.3817,628,,,, 
1311,85.4509,538,,,, 
1312,85.52,593,,,, 
1313,85.5892,653,,,, 
1314,85.6584,640,,,, 
1315,85.7276,651,,,, 
1316,85.7968,587,,,, 
1317,85.8659,616,,,, 
1318,85.9351,661,,,, 
1319,86.0043,617,,,, 
1320,86.0735,639,,,, 
1321,86.1428,623,,,, 
1322,86.212,638,,,, 
1323,86.2812,631,,,, 
1324,86.3504,622,,,, 
1325,86.4197,629,,,, 
1326,86.4889,659,,,, 
1327,86.5582,631,,,, 
1328,86.6274,641,,,, 
1329,86.6967,639,,,, 
1330,86.7659,637,,,, 
1331,86.8352,616,,,, 
1332,86.9045,616,,,, 
1333,86.9737,620,,,, 
1334,87.043,665,,,, 
1335,87.1123,631,,,, 
1336,87.1816,687,,,, 
1337,87.2509,682,,,, 
1338,87.3202,670,,,, 
1339,87.3896,616,,,, 
1340,87.4589,601,,,, 
1341,87.5282,655,,,, 
1342,87.5975,687,,,, 
1343,87.6669,673,,,, 
1344,87.7362,697,,,, 
1345,87.8056,689,,,, 
1346,87.8749,651,,,, 
1347,87.9443,624,,,, 
1348,88.0136,645,,,, 
1349,88.083,659,,,, 
1350,88.1524,672,,,, 
1351,88.2218,627,,,, 
1352,88.2912,605,,,, 
1353,88.3605,701,,,, 
1354,88.4299,630,,,, 
1355,88.4994,673,,,, 
1356,88.5688,587,,,, 
1357,88.6382,669,,,, 
1358,88.7076,618,,,, 
1359,88.777,618,,,, 
1360,88.8465,637,,,, 
1361,88.9159,629,,,, 
1362,88.9853,618,,,, 
1363,89.0548,656,,,, 
1364,89.1243,708,,,, 
1365,89.1937,638,,,, 
1366,89.2632,602,,,, 
1367,89.3327,666,,,, 
1368,89.4021,658,,,, 
1369,89.4716,678,,,, 
1370,89.5411,621,,,, 
1371,89.6106,619,,,, 
1372,89.6801,657,,,, 
1373,89.7496,628,,,, 
1374,89.8191,677,,,, 
1375,89.8886,627,,,, 
1376,89.9582,637,,,, 
1377,90.0277,632,,,, 
1378,90.0972,678,,,, 
1379,90.1668,619,,,, 
1380,90.2363,643,,,, 
1381,90.3059,621,,,, 
1382,90.3754,696,,,, 
1383,90.445,671,,,, 
1384,90.5146,623,,,, 
1385,90.5841,641,,,, 
1386,90.6537,592,,,, 
1387,90.7233,626,,,, 
1388,90.7929,635,,,, 
1389,90.8625,609,,,, 
1390,90.9321,630,,,, 
1391,91.0017,618,,,, 
1392,91.0713,587,,,, 
1393,91.1409,600,,,, 
1394,91.2106,584,,,, 
1395,91.2802,575,,,, 
1396,91.3498,634,,,, 
1397,91.4195,586,,,, 
1398,91.4891,596,,,, 
1399,91.5588,600,,,, 
1400,91.6285,643,,,, 
1401,91.6981,633,,,, 
1402,91.7678,585,,,, 
1403,91.8375,587,,,, 
1404,91.9071,581,,,, 
1405,91.9768,588,,,, 
1406,92.0465,570,,,, 
1407,92.1162,563,,,, 
1408,92.1859,610,,,, 
1409,92.2556,533,,,, 
1410,92.3254,622,,,, 
1411,92.3951,593,,,, 
1412,92.4648,563,,,, 
1413,92.5345,603,,,, 
1414,92.6043,547,,,, 
1415,92.674,571,,,, 
1416,92.7438,565,,,, 
1417,92.8135,555,,,, 
1418,92.8833,588,,,, 
1419,92.9531,586,,,, 
1420,93.0228,575,,,, 
1421,93.0926,586,,,, 
1422,93.1624,573,,,, 
1423,93.2322,568,,,, 
1424,93.302,576,,,, 
1425,93.3718,542,,,, 
1426,93.4416,550,,,, 
1427,93.5114,569,,,, 
1428,93.5812,545,,,, 
1429,93.6511,557,,,, 
1430,93.7209,600,,,, 
1431,93.7907,542,,,, 
1432,93.8606,524,,,, 
1433,93.9304,560,,,, 
1434,94.0003,546,,,, 
1435,94.0701,537,,,, 
1436,94.14,543,,,, 
1437,94.2099,525,,,, 
1438,94.2797,515,,,, 
1439,94.3496,515,,,, 
1440,94.4195,532,,,, 
1441,94.4894,534,,,, 
1442,94.5593,514,,,, 
1443,94.6292,519,,,, 
1444,94.6991,496,,,, 
1445,94.769,525,,,, 
1446,94.8389,515,,,, 
1447,94.9089,540,,,, 
1448,94.9788,500,,,, 
1449,95.0487,479,,,, 
1450,95.1187,489,,,, 
1451,95.1886,515,,,, 
1452,95.2586,564,,,, 
1453,95.3285,519,,,, 
1454,95.3985,517,,,, 
1455,95.4685,553,,,, 
1456,95.5385,527,,,, 
1457,95.6084,494,,,, 
1458,95.6784,525,,,, 
1459,95.7484,532,,,, 
1460,95.8184,538,,,, 
1461,95.8884,507,,,, 
1462,95.9584,504,,,, 
1463,96.0285,456,,,, 
1464,96.0985,462,,,, 
1465,96.1685,503,,,, 
1466,96.2386,518,,,, 
1467,96.3086,466,,,, 
1468,96.3786,496,,,, 
1469,96.4487,500,,,, 
1470,96.5187,508,,,, 
1471,96.5888,456,,,, 
1472,96.6589,445,,,, 
1473,96.7289,457,,,, 
1474,96.799,482,,,, 
1475,96.8691,476,,,, 
1476,96.9392,478,,,, 
1477,97.0093,455,,,, 
1478,97.0794,474,,,, 
1479,97.1495,456,,,, 
1480,97.2196,521,,,, 
1481,97.2897,454,,,, 
1482,97.3599,446,,,, 
1483,97.43,513,,,, 
1484,97.5001,485,,,, 
1485,97.5703,459,,,, 
1486,97.6404,448,,,, 
1487,97.7106,479,,,, 
1488,97.7807,416,,,, 
1489,97.8509,468,,,, 
1490,97.9211,420,,,, 
1491,97.9912,430,,,, 
1492,98.0614,478,,,, 
1493,98.1316,435,,,, 
1494,98.2018,455,,,, 
1495,98.272,465,,,, 
1496,98.3422,438,,,, 
1497,98.4124,442,,,, 
1498,98.4826,455,,,, 
1499,98.5529,386,,,, 
1500,98.6231,428,,,, 
1501,98.6933,461,,,, 
1502,98.7636,432,,,, 
1503,98.8338,439,,,, 
1504,98.904,418,,,, 
1505,98.9743,469,,,, 
1506,99.0446,470,,,, 
1507,99.1148,438,,,, 
1508,99.1851,436,,,, 
1509,99.2554,426,,,, 
1510,99.3257,478,,,, 
1511,99.396,444,,,, 
1512,99.4662,439,,,, 
1513,99.5365,461,,,, 
1514,99.6069,412,,,, 
1515,99.6772,425,,,, 
1516,99.7475,446,,,, 
1517,99.8178,414,,,, 
1518,99.8881,461,,,, 
1519,99.9585,420,,,, 
1520,100.029,413,,,, 
1521,100.099,415,,,, 
1522,100.17,441,,,, 
1523,100.24,434,,,, 
1524,100.31,426,,,, 
1525,100.381,421,,,, 
1526,100.451,437,,,, 
1527,100.521,432,,,, 
1528,100.592,380,,,, 
1529,100.662,415,,,, 
1530,100.733,433,,,, 
1531,100.803,441,,,, 
1532,100.873,437,,,, 
1533,100.944,376,,,, 
1534,101.014,421,,,, 
1535,101.085,367,,,, 
1536,101.155,457,,,, 
1537,101.225,387,,,, 
1538,101.296,408,,,, 
1539,101.366,452,,,, 
1540,101.437,418,,,, 
1541,101.507,398,,,, 
1542,101.578,391,,,, 
1543,101.648,391,,,, 
1544,101.719,401,,,, 
1545,101.789,380,,,, 
1546,101.86,380,,,, 
1547,101.93,444,,,, 
1548,102.001,397,,,, 
1549,102.071,406,,,, 
1550,102.142,338,,,, 
1551,102.212,398,,,, 
1552,102.283,364,,,, 
1553,102.353,347,,,, 
1554,102.424,408,,,, 
1555,102.494,417,,,, 
1556,102.565,384,,,, 
1557,102.635,390,,,, 
1558,102.706,394,,,, 
1559,102.776,362,,,, 
1560,102.847,376,,,, 
1561,102.918,392,,,, 
1562,102.988,399,,,, 
1563,103.059,369,,,, 
1564,103.129,414,,,, 
1565,103.2,381,,,, 
1566,103.271,391,,,, 
1567,103.341,385,,,, 
1568,103.412,396,,,, 
1569,103.482,379,,,, 
1570,103.553,367,,,, 
1571,103.624,370,,,, 
1572,103.694,395,,,, 
1573,103.765,378,,,, 
1574,103.836,372,,,, 
1575,103.906,359,,,, 
1576,103.977,392,,,, 
1577,104.048,336,,,, 
1578,104.118,390,,,, 
1579,104.189,354,,,, 
1580,104.26,364,,,, 
1581,104.33,356,,,, 
1582,104.401,381,,,, 
1583,104.472,389,,,, 
1584,104.542,357,,,, 
1585,104.613,370,,,, 
1586,104.684,351,,,, 
1587,104.755,407,,,, 
1588,104.825,389,,,, 
1589,104.896,374,,,, 
1590,104.967,362,,,, 
1591,105.037,400,,,, 
1592,105.108,365,,,, 
1593,105.179,388,,,, 
1594,105.25,342,,,, 
1595,105.32,343,,,, 
1596,105.391,385,,,, 
1597,105.462,361,,,, 
1598,105.533,398,,,, 
1599,105.604,363,,,, 
1600,105.674,376,,,, 
1601,105.745,398,,,, 
1602,105.816,370,,,, 
1603,105.887,380,,,, 
1604,105.958,367,,,, 
1605,106.028,374,,,, 
1606,106.099,415,,,, 
1607,106.17,328,,,, 
1608,106.241,372,,,, 
1609,106.312,348,,,, 
1610,106.383,342,,,, 
1611,106.453,375,,,, 
1612,106.524,353,,,, 
1613,106.595,376,,,, 
1614,106.666,381,,,, 
1615,106.737,375,,,, 
1616,106.808,337,,,, 
1617,106.879,331,,,, 
1618,106.95,345,,,, 
1619,107.021,361,,,, 
1620,107.091,366,,,, 
1621,107.162,367,,,, 
1622,107.233,351,,,, 
1623,107.304,373,,,, 
1624,107.375,359,,,, 
1625,107.446,344,,,, 
1626,107.517,346,,,, 
1627,107.588,334,,,, 
1628,107.659,346,,,, 
1629,107.73,342,,,, 
1630,107.801,343,,,, 
1631,107.872,357,,,, 
1632,107.943,333,,,, 
1633,108.014,327,,,, 
1634,108.085,352,,,, 
1635,108.156,350,,,, 
1636,108.227,359,,,, 
1637,108.298,376,,,, 
1638,108.369,371,,,, 
1639,108.44,350,,,, 
1640,108.511,338,,,, 
1641,108.582,369,,,, 
1642,108.653,339,,,, 
1643,108.724,355,,,, 
1644,108.795,305,,,, 
1645,108.866,355,,,, 
1646,108.937,335,,,, 
1647,109.008,372,,,, 
1648,109.079,328,,,, 
1649,109.15,369,,,, 
1650,109.221,326,,,, 
1651,109.292,310,,,, 
1652,109.363,319,,,, 
1653,109.435,396,,,, 
1654,109.506,324,,,, 
1655,109.577,317,,,, 
1656,109.648,360,,,, 
1657,109.719,331,,,, 
1658,109.79,323,,,, 
1659,109.861,356,,,, 
1660,109.932,323,,,, 
1661,110.003,317,,,, 
1662,110.075,353,,,, 
1663,110.146,333,,,, 
1664,110.217,346,,,, 
1665,110.288,343,,,, 
1666,110.359,337,,,, 
1667,110.43,345,,,, 
1668,110.502,351,,,, 
1669,110.573,375,,,, 
1670,110.644,350,,,, 
1671,110.715,346,,,, 
1672,110.786,326,,,, 
1673,110.858,347,,,, 
1674,110.929,350,,,, 
1675,111,374,,,, 
1676,111.071,319,,,, 
1677,111.142,336,,,, 
1678,111.214,341,,,, 
1679,111.285,363,,,, 
1680,111.356,346,,,, 
1681,111.427,352,,,, 
1682,111.499,314,,,, 
1683,111.57,388,,,, 
1684,111.641,397,,,, 
1685,111.713,362,,,, 
1686,111.784,366,,,, 
1687,111.855,408,,,, 
1688,111.926,397,,,, 
1689,111.998,451,,,, 
1690,112.069,434,,,, 
1691,112.14,379,,,, 
1692,112.212,403,,,, 
1693,112.283,385,,,, 
1694,112.354,380,,,, 
1695,112.426,386,,,, 
1696,112.497,356,,,, 
1697,112.568,336,,,, 
1698,112.64,324,,,, 
1699,112.711,357,,,, 
1700,112.782,332,,,, 
1701,112.854,330,,,, 
1702,112.925,330,,,, 
1703,112.996,319,,,, 
1704,113.068,345,,,, 
1705,113.139,369,,,, 
1706,113.211,344,,,, 
1707,113.282,325,,,, 
1708,113.353,346,,,, 
1709,113.425,332,,,, 
1710,113.496,308,,,, 
1711,113.568,322,,,, 
1712,113.639,301,,,, 
1713,113.711,333,,,, 
1714,113.782,330,,,, 
1715,113.853,358,,,, 
1716,113.925,303,,,, 
1717,113.996,333,,,, 
1718,114.068,314,,,, 
1719,114.139,336,,,, 
1720,114.211,370,,,, 
1721,114.282,375,,,, 
1722,114.354,374,,,, 
1723,114.425,344,,,, 
1724,114.497,330,,,, 
1725,114.568,377,,,, 
1726,114.64,351,,,, 
1727,114.711,308,,,, 
1728,114.783,320,,,, 
1729,114.854,323,,,, 
1730,114.926,347,,,, 
1731,114.997,329,,,, 
1732,115.069,330,,,, 
1733,115.14,334,,,, 
1734,115.212,360,,,, 
1735,115.284,335,,,, 
1736,115.355,322,,,, 
1737,115.427,356,,,, 
1738,115.498,311,,,, 
1739,115.57,359,,,, 
1740,115.641,330,,,, 
1741,115.713,318,,,, 
1742,115.785,341,,,, 
1743,115.856,304,,,, 
1744,115.928,368,,,, 
1745,115.999,332,,,, 
1746,116.071,352,,,, 
1747,116.143,356,,,, 
1748,116.214,348,,,, 
1749,116.286,400,,,, 
1750,116.358,399,,,, 
1751,116.429,352,,,, 
1752,116.501,341,,,, 
1753,116.573,349,,,, 
1754,116.644,343,,,, 
1755,116.716,371,,,, 
1756,116.788,345,,,, 
1757,116.859,365,,,, 
1758,116.931,390,,,, 
1759,117.003,380,,,, 
1760,117.074,367,,,, 
1761,117.146,346,,,, 
1762,117.218,373,,,, 
1763,117.289,346,,,, 
1764,117.361,378,,,, 
1765,117.433,358,,,, 
1766,117.505,350,,,, 
1767,117.576,370,,,, 
1768,117.648,365,,,, 
1769,117.72,402,,,, 
1770,117.792,421,,,, 
1771,117.863,418,,,, 
1772,117.935,383,,,, 
1773,118.007,399,,,, 
1774,118.079,374,,,, 
1775,118.15,389,,,, 
1776,118.222,394,,,, 
1777,118.294,416,,,, 
1778,118.366,391,,,, 
1779,118.438,375,,,, 
1780,118.51,389,,,, 
1781,118.581,395,,,, 
1782,118.653,431,,,, 
1783,118.725,384,,,, 
1784,118.797,420,,,, 
1785,118.869,447,,,, 
1786,118.941,426,,,, 
1787,119.012,424,,,, 
1788,119.084,474,,,, 
1789,119.156,466,,,, 
1790,119.228,448,,,, 
1791,119.3,452,,,, 
1792,119.372,439,,,, 
1793,119.444,471,,,, 
1794,119.515,478,,,, 
1795,119.587,457,,,, 
1796,119.659,489,,,, 
1797,119.731,475,,,, 
1798,119.803,480,,,, 
1799,119.875,535,,,, 
1800,119.947,542,,,, 
1801,120.019,539,,,, 
1802,120.091,595,,,, 
1803,120.163,728,,,, 
1804,120.235,880,,,, 
1805,120.307,1402,,,, 
1806,120.379,2171,,,, 
1807,120.451,3879,,,, 
1808,120.523,6597,,,, 
1809,120.595,10686,,,, 
1810,120.667,16324,,,, 
1811,120.739,23518,,,, 
1812,120.811,30922,,,, 
1813,120.883,37513,,,, 
1814,120.955,41689,,,, 
1815,121.027,43470,,,, 
1816,121.099,40577,,,, 
1817,121.171,35645,,,, 
1818,121.243,28055,,,, 
1819,121.315,21029,,,, 
1820,121.387,14298,,,, 
1821,121.459,9071,,,, 
1822,121.531,5167,,,, 
1823,121.603,2869,,,, 
1824,121.675,1474,,,, 
1825,121.747,712,,,, 
1826,121.819,411,,,, 
1827,121.891,283,,,, 
1828,121.963,182,,,, 
1829,122.035,172,,,, 
1830,122.107,171,,,, 
1831,122.18,163,,,, 
1832,122.252,152,,,, 
1833,122.324,180,,,, 
1834,122.396,155,,,, 
1835,122.468,152,,,, 
1836,122.54,161,,,, 
1837,122.612,167,,,, 
1838,122.684,156,,,, 
1839,122.757,153,,,, 
1840,122.829,122,,,, 
1841,122.901,134,,,, 
1842,122.973,135,,,, 
1843,123.045,149,,,, 
1844,123.117,150,,,, 
1845,123.19,161,,,, 
1846,123.262,139,,,, 
1847,123.334,167,,,, 
1848,123.406,155,,,, 
1849,123.478,160,,,, 
1850,123.551,165,,,, 
1851,123.623,129,,,, 
1852,123.695,168,,,, 
1853,123.767,144,,,, 
1854,123.839,128,,,, 
1855,123.912,157,,,, 
1856,123.984,142,,,, 
1857,124.056,163,,,, 
1858,124.128,158,,,, 
1859,124.201,128,,,, 
1860,124.273,160,,,, 
1861,124.345,140,,,, 
1862,124.417,155,,,, 
1863,124.49,153,,,, 
1864,124.562,156,,,, 
1865,124.634,172,,,, 
1866,124.707,143,,,, 
1867,124.779,170,,,, 
1868,124.851,173,,,, 
1869,124.924,167,,,, 
1870,124.996,151,,,, 
1871,125.068,138,,,, 
1872,125.141,151,,,, 
1873,125.213,140,,,, 
1874,125.285,151,,,, 
1875,125.358,142,,,, 
1876,125.43,147,,,, 
1877,125.502,150,,,, 
1878,125.575,140,,,, 
1879,125.647,130,,,, 
1880,125.719,145,,,, 
1881,125.792,148,,,, 
1882,125.864,144,,,, 
1883,125.937,164,,,, 
1884,126.009,144,,,, 
1885,126.081,149,,,, 
1886,126.154,130,,,, 
1887,126.226,144,,,, 
1888,126.299,133,,,, 
1889,126.371,163,,,, 
1890,126.444,154,,,, 
1891,126.516,142,,,, 
1892,126.588,153,,,, 
1893,126.661,138,,,, 
1894,126.733,123,,,, 
1895,126.806,155,,,, 
1896,126.878,176,,,, 
1897,126.951,160,,,, 
1898,127.023,146,,,, 
1899,127.096,154,,,, 
1900,127.168,152,,,, 
1901,127.241,151,,,, 
1902,127.313,167,,,, 
1903,127.386,158,,,, 
1904,127.458,150,,,, 
1905,127.531,170,,,, 
1906,127.603,137,,,, 
1907,127.676,148,,,, 
1908,127.748,146,,,, 
1909,127.821,135,,,, 
1910,127.894,140,,,, 
1911,127.966,141,,,, 
1912,128.039,154,,,, 
1913,128.111,119,,,, 
1914,128.184,133,,,, 
1915,128.256,143,,,, 
1916,128.329,135,,,, 
1917,128.402,142,,,, 
1918,128.474,152,,,, 
1919,128.547,128,,,, 
1920,128.619,136,,,, 
1921,128.692,130,,,, 
1922,128.765,144,,,, 
1923,128.837,145,,,, 
1924,128.91,141,,,, 
1925,128.982,141,,,, 
1926,129.055,156,,,, 
1927,129.128,108,,,, 
1928,129.2,149,,,, 
1929,129.273,148,,,, 
1930,129.346,150,,,, 
1931,129.418,136,,,, 
1932,129.491,153,,,, 
1933,129.564,141,,,, 
1934,129.636,145,,,, 
1935,129.709,142,,,, 
1936,129.782,162,,,, 
1937,129.854,163,,,, 
1938,129.927,159,,,, 
1939,130,155,,,, 
1940,130.073,129,,,, 
1941,130.145,139,,,, 
1942,130.218,131,,,, 
1943,130.291,145,,,, 
1944,130.364,141,,,, 
1945,130.436,134,,,, 
1946,130.509,138,,,, 
1947,130.582,141,,,, 
1948,130.655,136,,,, 
1949,130.727,139,,,, 
1950,130.8,156,,,, 
1951,130.873,145,,,, 
1952,130.946,147,,,, 
1953,131.019,154,,,, 
1954,131.091,139,,,, 
1955,131.164,124,,,, 
1956,131.237,168,,,, 
1957,131.31,139,,,, 
1958,131.383,144,,,, 
1959,131.455,145,,,, 
1960,131.528,159,,,, 
1961,131.601,148,,,, 
1962,131.674,135,,,, 
1963,131.747,149,,,, 
1964,131.82,151,,,, 
1965,131.892,184,,,, 
1966,131.965,158,,,, 
1967,132.038,167,,,, 
1968,132.111,181,,,, 
1969,132.184,209,,,, 
1970,132.257,297,,,, 
1971,132.33,433,,,, 
1972,132.403,707,,,, 
1973,132.476,1105,,,, 
1974,132.548,1652,,,, 
1975,132.621,2458,,,, 
1976,132.694,3198,,,, 
1977,132.767,3887,,,, 
1978,132.84,4314,,,, 
1979,132.913,4337,,,, 
1980,132.986,4328,,,, 
1981,133.059,3697,,,, 
1982,133.132,3026,,,, 
1983,133.205,2365,,,, 
1984,133.278,1490,,,, 
1985,133.351,1003,,,, 
1986,133.424,639,,,, 
1987,133.497,381,,,, 
1988,133.57,231,,,, 
1989,133.643,168,,,, 
1990,133.716,146,,,, 
1991,133.789,130,,,, 
1992,133.862,108,,,, 
1993,133.935,116,,,, 
1994,134.008,113,,,, 
1995,134.081,118,,,, 
1996,134.154,107,,,, 
1997,134.227,116,,,, 
1998,134.3,113,,,, 
1999,134.373,106,,,, 
2000,134.446,129,,,, 
2001,134.519,104,,,, 
2002,134.592,108,,,, 
2003,134.665,102,,,, 
2004,134.739,108,,,, 
2005,134.812,96,,,, 
2006,134.885,131,,,, 
2007,134.958,95,,,, 
2008,135.031,116,,,, 
2009,135.104,92,,,, 
2010,135.177,110,,,, 
2011,135.25,103,,,, 
2012,135.323,115,,,, 
2013,135.397,111,,,, 
2014,135.47,116,,,, 
2015,135.543,122,,,, 
2016,135.616,109,,,, 
2017,135.689,113,,,, 
2018,135.762,122,,,, 
2019,135.835,127,,,, 
2020,135.909,102,,,, 
2021,135.982,117,,,, 
2022,136.055,123,,,, 
2023,136.128,129,,,, 
2024,136.201,114,,,, 
2025,136.275,107,,,, 
2026,136.348,130,,,, 
2027,136.421,91,,,, 
2028,136.494,131,,,, 
2029,136.567,119,,,, 
2030,136.641,119,,,, 
2031,136.714,124,,,, 
2032,136.787,107,,,, 
2033,136.86,121,,,, 
2034,136.934,104,,,, 
2035,137.007,110,,,, 
2036,137.08,112,,,, 
2037,137.153,117,,,, 
2038,137.227,123,,,, 
2039,137.3,115,,,, 
2040,137.373,104,,,, 
2041,137.447,121,,,, 
2042,137.52,112,,,, 
2043,137.593,114,,,, 
2044,137.666,77,,,, 
2045,137.74,2,,,, 
2046,137.813,0,,,, 
2047,137.886,0,,,, 
