0,1.33769,0,, 
1,1.39229,0,, 
2,1.44691,0,, 
3,1.50154,0,, 
4,1.55618,0,, 
5,1.61084,0,, 
6,1.66551,0,, 
7,1.72019,0,, 
8,1.77489,0,, 
9,1.8296,0,, 
10,1.88432,0,, 
11,1.93906,0,, 
12,1.99382,0,, 
13,2.04858,0,, 
14,2.10336,0,, 
15,2.15816,299,, 
16,2.21296,2077,, 
17,2.26778,1868,, 
18,2.32262,1503,, 
19,2.37747,1440,, 
20,2.43233,1341,, 
21,2.48721,1330,, 
22,2.5421,1348,, 
23,2.597,1434,, 
24,2.65192,1450,, 
25,2.70685,1549,, 
26,2.7618,1503,, 
27,2.81676,1631,, 
28,2.87173,1555,, 
29,2.92672,1620,, 
30,2.98172,1537,, 
31,3.03673,1562,, 
32,3.09176,1470,, 
33,3.1468,1521,, 
34,3.20185,1471,, 
35,3.25692,1345,, 
36,3.31201,1459,, 
37,3.3671,1353,, 
38,3.42221,1329,, 
39,3.47734,1333,, 
40,3.53247,1207,, 
41,3.58763,1166,, 
42,3.64279,1133,, 
43,3.69797,1102,, 
44,3.75316,1047,, 
45,3.80837,971,, 
46,3.86359,963,, 
47,3.91882,928,, 
48,3.97407,929,, 
49,4.02933,844,, 
50,4.08461,852,, 
51,4.1399,839,, 
52,4.1952,782,, 
53,4.25052,733,, 
54,4.30585,736,, 
55,4.36119,700,, 
56,4.41655,629,, 
57,4.47192,646,, 
58,4.52731,648,, 
59,4.58271,601,, 
60,4.63812,531,, 
61,4.69355,549,, 
62,4.74899,523,, 
63,4.80444,541,, 
64,4.85991,514,, 
65,4.91539,481,, 
66,4.97089,457,, 
67,5.02639,496,, 
68,5.08192,469,, 
69,5.13745,475,, 
70,5.193,458,, 
71,5.24857,441,, 
72,5.30415,434,, 
73,5.35974,415,, 
74,5.41534,478,, 
75,5.47096,696,, 
76,5.5266,471,, 
77,5.58224,387,, 
78,5.6379,410,, 
79,5.69358,388,, 
80,5.74927,431,, 
81,5.80497,438,, 
82,5.86068,382,, 
83,5.91641,376,, 
84,5.97215,354,, 
85,6.02791,350,, 
86,6.08368,335,, 
87,6.13947,338,, 
88,6.19526,318,, 
89,6.25108,276,, 
90,6.3069,292,, 
91,6.36274,285,, 
92,6.41859,266,, 
93,6.47446,270,, 
94,6.53034,272,, 
95,6.58624,276,, 
96,6.64214,264,, 
97,6.69807,269,, 
98,6.754,251,, 
99,6.80995,235,, 
100,6.86591,240,, 
101,6.92189,227,, 
102,6.97788,268,, 
103,7.03388,222,, 
104,7.0899,228,, 
105,7.14593,228,, 
106,7.20198,231,, 
107,7.25804,222,, 
108,7.31411,227,, 
109,7.3702,221,, 
110,7.4263,235,, 
111,7.48241,206,, 
112,7.53854,216,, 
113,7.59468,220,, 
114,7.65084,217,, 
115,7.70701,207,, 
116,7.76319,209,, 
117,7.81939,212,, 
118,7.8756,200,, 
119,7.93182,224,, 
120,7.98806,211,, 
121,8.04431,206,, 
122,8.10058,207,, 
123,8.15686,173,, 
124,8.21315,191,, 
125,8.26946,209,, 
126,8.32578,202,, 
127,8.38211,201,, 
128,8.43846,202,, 
129,8.49482,189,, 
130,8.5512,190,, 
131,8.60759,187,, 
132,8.66399,205,, 
133,8.72041,192,, 
134,8.77684,185,, 
135,8.83328,195,, 
136,8.88974,185,, 
137,8.94621,203,, 
138,9.0027,188,, 
139,9.0592,179,, 
140,9.11571,203,, 
141,9.17224,180,, 
142,9.22878,206,, 
143,9.28534,179,, 
144,9.3419,177,, 
145,9.39849,170,, 
146,9.45508,169,, 
147,9.51169,188,, 
148,9.56831,195,, 
149,9.62495,174,, 
150,9.6816,206,, 
151,9.73827,206,, 
152,9.79494,185,, 
153,9.85164,164,, 
154,9.90834,175,, 
155,9.96506,162,, 
156,10.0218,191,, 
157,10.0785,185,, 
158,10.1353,175,, 
159,10.1921,165,, 
160,10.2489,166,, 
161,10.3057,165,, 
162,10.3625,146,, 
163,10.4193,163,, 
164,10.4762,173,, 
165,10.533,177,, 
166,10.5899,143,, 
167,10.6468,178,, 
168,10.7037,145,, 
169,10.7606,188,, 
170,10.8175,159,, 
171,10.8744,157,, 
172,10.9314,147,, 
173,10.9884,151,, 
174,11.0453,165,, 
175,11.1023,161,, 
176,11.1593,154,, 
177,11.2164,158,, 
178,11.2734,157,, 
179,11.3305,153,, 
180,11.3875,147,, 
181,11.4446,176,, 
182,11.5017,151,, 
183,11.5588,160,, 
184,11.6159,165,, 
185,11.673,172,, 
186,11.7302,171,, 
187,11.7873,133,, 
188,11.8445,128,, 
189,11.9017,152,, 
190,11.9589,157,, 
191,12.0161,144,, 
192,12.0734,133,, 
193,12.1306,161,, 
194,12.1879,142,, 
195,12.2451,148,, 
196,12.3024,151,, 
197,12.3597,163,, 
198,12.417,148,, 
199,12.4743,159,, 
200,12.5317,137,, 
201,12.589,142,, 
202,12.6464,161,, 
203,12.7038,163,, 
204,12.7612,126,, 
205,12.8186,133,, 
206,12.876,130,, 
207,12.9334,154,, 
208,12.9909,132,, 
209,13.0483,145,, 
210,13.1058,152,, 
211,13.1633,142,, 
212,13.2208,157,, 
213,13.2783,127,, 
214,13.3359,158,, 
215,13.3934,141,, 
216,13.451,126,, 
217,13.5085,146,, 
218,13.5661,146,, 
219,13.6237,135,, 
220,13.6813,146,, 
221,13.739,142,, 
222,13.7966,139,, 
223,13.8543,146,, 
224,13.9119,147,, 
225,13.9696,138,, 
226,14.0273,118,, 
227,14.085,153,, 
228,14.1427,143,, 
229,14.2005,123,, 
230,14.2582,139,, 
231,14.316,123,, 
232,14.3738,142,, 
233,14.4316,129,, 
234,14.4894,129,, 
235,14.5472,134,, 
236,14.605,144,, 
237,14.6629,153,, 
238,14.7207,125,, 
239,14.7786,130,, 
240,14.8365,129,, 
241,14.8944,112,, 
242,14.9523,141,, 
243,15.0102,118,, 
244,15.0682,131,, 
245,15.1261,121,, 
246,15.1841,128,, 
247,15.2421,117,, 
248,15.3001,139,, 
249,15.3581,124,, 
250,15.4161,148,, 
251,15.4742,109,, 
252,15.5322,128,, 
253,15.5903,154,, 
254,15.6484,142,, 
255,15.7065,128,, 
256,15.7646,102,, 
257,15.8227,149,, 
258,15.8808,135,, 
259,15.939,109,, 
260,15.9972,122,, 
261,16.0553,131,, 
262,16.1135,142,, 
263,16.1717,121,, 
264,16.2299,126,, 
265,16.2882,125,, 
266,16.3464,131,, 
267,16.4047,121,, 
268,16.463,133,, 
269,16.5212,118,, 
270,16.5795,129,, 
271,16.6379,116,, 
272,16.6962,120,, 
273,16.7545,144,, 
274,16.8129,142,, 
275,16.8713,107,, 
276,16.9296,129,, 
277,16.988,121,, 
278,17.0465,130,, 
279,17.1049,130,, 
280,17.1633,121,, 
281,17.2218,130,, 
282,17.2802,119,, 
283,17.3387,116,, 
284,17.3972,125,, 
285,17.4557,130,, 
286,17.5142,114,, 
287,17.5728,115,, 
288,17.6313,102,, 
289,17.6899,121,, 
290,17.7485,134,, 
291,17.807,126,, 
292,17.8657,136,, 
293,17.9243,140,, 
294,17.9829,113,, 
295,18.0415,126,, 
296,18.1002,119,, 
297,18.1589,115,, 
298,18.2176,114,, 
299,18.2763,114,, 
300,18.335,130,, 
301,18.3937,119,, 
302,18.4524,115,, 
303,18.5112,109,, 
304,18.57,124,, 
305,18.6288,117,, 
306,18.6876,115,, 
307,18.7464,122,, 
308,18.8052,111,, 
309,18.864,128,, 
310,18.9229,112,, 
311,18.9817,107,, 
312,19.0406,110,, 
313,19.0995,121,, 
314,19.1584,121,, 
315,19.2173,118,, 
316,19.2763,124,, 
317,19.3352,126,, 
318,19.3942,108,, 
319,19.4532,96,, 
320,19.5121,103,, 
321,19.5711,104,, 
322,19.6302,135,, 
323,19.6892,107,, 
324,19.7482,115,, 
325,19.8073,131,, 
326,19.8664,98,, 
327,19.9255,102,, 
328,19.9846,122,, 
329,20.0437,124,, 
330,20.1028,102,, 
331,20.1619,108,, 
332,20.2211,111,, 
333,20.2803,86,, 
334,20.3394,119,, 
335,20.3986,117,, 
336,20.4578,92,, 
337,20.5171,115,, 
338,20.5763,98,, 
339,20.6355,103,, 
340,20.6948,102,, 
341,20.7541,110,, 
342,20.8134,111,, 
343,20.8727,107,, 
344,20.932,120,, 
345,20.9913,110,, 
346,21.0507,103,, 
347,21.11,108,, 
348,21.1694,121,, 
349,21.2288,121,, 
350,21.2882,107,, 
351,21.3476,106,, 
352,21.4071,98,, 
353,21.4665,95,, 
354,21.526,108,, 
355,21.5854,100,, 
356,21.6449,112,, 
357,21.7044,105,, 
358,21.7639,107,, 
359,21.8234,105,, 
360,21.883,95,, 
361,21.9425,110,, 
362,22.0021,107,, 
363,22.0617,138,, 
364,22.1213,122,, 
365,22.1809,84,, 
366,22.2405,104,, 
367,22.3001,97,, 
368,22.3598,116,, 
369,22.4195,85,, 
370,22.4791,97,, 
371,22.5388,102,, 
372,22.5985,100,, 
373,22.6582,113,, 
374,22.718,124,, 
375,22.7777,132,, 
376,22.8375,103,, 
377,22.8973,106,, 
378,22.957,121,, 
379,23.0168,139,, 
380,23.0767,112,, 
381,23.1365,119,, 
382,23.1963,125,, 
383,23.2562,103,, 
384,23.316,91,, 
385,23.3759,116,, 
386,23.4358,112,, 
387,23.4957,99,, 
388,23.5557,124,, 
389,23.6156,98,, 
390,23.6755,75,, 
391,23.7355,108,, 
392,23.7955,97,, 
393,23.8555,124,, 
394,23.9155,95,, 
395,23.9755,90,, 
396,24.0355,123,, 
397,24.0956,108,, 
398,24.1557,95,, 
399,24.2157,87,, 
400,24.2758,88,, 
401,24.3359,115,, 
402,24.396,101,, 
403,24.4562,85,, 
404,24.5163,112,, 
405,24.5765,88,, 
406,24.6366,94,, 
407,24.6968,111,, 
408,24.757,103,, 
409,24.8172,111,, 
410,24.8775,119,, 
411,24.9377,99,, 
412,24.998,91,, 
413,25.0582,97,, 
414,25.1185,92,, 
415,25.1788,119,, 
416,25.2391,99,, 
417,25.2994,127,, 
418,25.3598,100,, 
419,25.4201,86,, 
420,25.4805,88,, 
421,25.5409,100,, 
422,25.6013,89,, 
423,25.6617,96,, 
424,25.7221,101,, 
425,25.7825,108,, 
426,25.843,103,, 
427,25.9034,103,, 
428,25.9639,90,, 
429,26.0244,115,, 
430,26.0849,98,, 
431,26.1454,100,, 
432,26.2059,92,, 
433,26.2665,100,, 
434,26.327,96,, 
435,26.3876,105,, 
436,26.4482,85,, 
437,26.5088,86,, 
438,26.5694,80,, 
439,26.63,96,, 
440,26.6907,93,, 
441,26.7513,87,, 
442,26.812,90,, 
443,26.8727,99,, 
444,26.9334,106,, 
445,26.9941,80,, 
446,27.0548,100,, 
447,27.1155,97,, 
448,27.1763,79,, 
449,27.237,100,, 
450,27.2978,109,, 
451,27.3586,100,, 
452,27.4194,97,, 
453,27.4802,88,, 
454,27.5411,103,, 
455,27.6019,83,, 
456,27.6628,106,, 
457,27.7236,89,, 
458,27.7845,95,, 
459,27.8454,106,, 
460,27.9063,90,, 
461,27.9673,88,, 
462,28.0282,109,, 
463,28.0892,96,, 
464,28.1501,87,, 
465,28.2111,94,, 
466,28.2721,107,, 
467,28.3331,111,, 
468,28.3942,90,, 
469,28.4552,91,, 
470,28.5163,95,, 
471,28.5773,98,, 
472,28.6384,97,, 
473,28.6995,90,, 
474,28.7606,91,, 
475,28.8217,90,, 
476,28.8829,101,, 
477,28.944,92,, 
478,29.0052,89,, 
479,29.0663,96,, 
480,29.1275,85,, 
481,29.1887,98,, 
482,29.2499,101,, 
483,29.3112,96,, 
484,29.3724,92,, 
485,29.4337,101,, 
486,29.495,93,, 
487,29.5562,106,, 
488,29.6175,88,, 
489,29.6789,74,, 
490,29.7402,97,, 
491,29.8015,85,, 
492,29.8629,95,, 
493,29.9242,90,, 
494,29.9856,87,, 
495,30.047,90,, 
496,30.1084,78,, 
497,30.1699,79,, 
498,30.2313,84,, 
499,30.2927,100,, 
500,30.3542,96,, 
501,30.4157,91,, 
502,30.4772,92,, 
503,30.5387,105,, 
504,30.6002,112,, 
505,30.6617,86,, 
506,30.7233,99,, 
507,30.7848,84,, 
508,30.8464,105,, 
509,30.908,103,, 
510,30.9696,77,, 
511,31.0312,98,, 
512,31.0929,81,, 
513,31.1545,78,, 
514,31.2162,102,, 
515,31.2778,95,, 
516,31.3395,79,, 
517,31.4012,72,, 
518,31.4629,85,, 
519,31.5247,99,, 
520,31.5864,79,, 
521,31.6481,78,, 
522,31.7099,80,, 
523,31.7717,95,, 
524,31.8335,89,, 
525,31.8953,107,, 
526,31.9571,98,, 
527,32.019,90,, 
528,32.0808,92,, 
529,32.1427,91,, 
530,32.2045,91,, 
531,32.2664,79,, 
532,32.3283,82,, 
533,32.3903,94,, 
534,32.4522,114,, 
535,32.5141,92,, 
536,32.5761,87,, 
537,32.6381,81,, 
538,32.7001,65,, 
539,32.7621,89,, 
540,32.8241,92,, 
541,32.8861,81,, 
542,32.9481,84,, 
543,33.0102,87,, 
544,33.0723,96,, 
545,33.1344,82,, 
546,33.1965,84,, 
547,33.2586,100,, 
548,33.3207,63,, 
549,33.3828,88,, 
550,33.445,90,, 
551,33.5071,71,, 
552,33.5693,72,, 
553,33.6315,68,, 
554,33.6937,93,, 
555,33.7559,84,, 
556,33.8182,91,, 
557,33.8804,106,, 
558,33.9427,79,, 
559,34.005,109,, 
560,34.0673,88,, 
561,34.1296,69,, 
562,34.1919,85,, 
563,34.2542,82,, 
564,34.3166,105,, 
565,34.3789,90,, 
566,34.4413,76,, 
567,34.5037,98,, 
568,34.5661,95,, 
569,34.6285,99,, 
570,34.6909,86,, 
571,34.7534,86,, 
572,34.8158,78,, 
573,34.8783,77,, 
574,34.9408,78,, 
575,35.0033,78,, 
576,35.0658,84,, 
577,35.1283,93,, 
578,35.1908,97,, 
579,35.2534,99,, 
580,35.3159,74,, 
581,35.3785,90,, 
582,35.4411,90,, 
583,35.5037,88,, 
584,35.5663,89,, 
585,35.629,92,, 
586,35.6916,91,, 
587,35.7543,96,, 
588,35.817,77,, 
589,35.8796,73,, 
590,35.9424,76,, 
591,36.0051,85,, 
592,36.0678,87,, 
593,36.1305,71,, 
594,36.1933,99,, 
595,36.2561,89,, 
596,36.3189,86,, 
597,36.3817,74,, 
598,36.4445,111,, 
599,36.5073,86,, 
600,36.5701,67,, 
601,36.633,81,, 
602,36.6959,77,, 
603,36.7587,67,, 
604,36.8216,85,, 
605,36.8845,93,, 
606,36.9475,74,, 
607,37.0104,78,, 
608,37.0733,82,, 
609,37.1363,82,, 
610,37.1993,95,, 
611,37.2623,80,, 
612,37.3253,89,, 
613,37.3883,86,, 
614,37.4513,70,, 
615,37.5144,74,, 
616,37.5774,75,, 
617,37.6405,93,, 
618,37.7036,65,, 
619,37.7667,95,, 
620,37.8298,89,, 
621,37.893,95,, 
622,37.9561,90,, 
623,38.0193,76,, 
624,38.0824,81,, 
625,38.1456,87,, 
626,38.2088,93,, 
627,38.272,71,, 
628,38.3352,98,, 
629,38.3985,81,, 
630,38.4617,81,, 
631,38.525,98,, 
632,38.5883,86,, 
633,38.6516,91,, 
634,38.7149,89,, 
635,38.7782,79,, 
636,38.8415,87,, 
637,38.9049,92,, 
638,38.9682,86,, 
639,39.0316,84,, 
640,39.095,88,, 
641,39.1584,95,, 
642,39.2218,82,, 
643,39.2853,95,, 
644,39.3487,72,, 
645,39.4122,77,, 
646,39.4756,74,, 
647,39.5391,73,, 
648,39.6026,85,, 
649,39.6661,70,, 
650,39.7297,93,, 
651,39.7932,75,, 
652,39.8568,85,, 
653,39.9203,82,, 
654,39.9839,80,, 
655,40.0475,82,, 
656,40.1111,68,, 
657,40.1748,80,, 
658,40.2384,70,, 
659,40.302,67,, 
660,40.3657,87,, 
661,40.4294,81,, 
662,40.4931,85,, 
663,40.5568,89,, 
664,40.6205,92,, 
665,40.6842,72,, 
666,40.748,82,, 
667,40.8118,81,, 
668,40.8755,70,, 
669,40.9393,89,, 
670,41.0031,79,, 
671,41.0669,96,, 
672,41.1308,83,, 
673,41.1946,81,, 
674,41.2585,77,, 
675,41.3223,71,, 
676,41.3862,86,, 
677,41.4501,81,, 
678,41.514,75,, 
679,41.578,81,, 
680,41.6419,86,, 
681,41.7059,76,, 
682,41.7698,77,, 
683,41.8338,87,, 
684,41.8978,86,, 
685,41.9618,87,, 
686,42.0258,87,, 
687,42.0899,92,, 
688,42.1539,72,, 
689,42.218,89,, 
690,42.2821,93,, 
691,42.3462,78,, 
692,42.4103,92,, 
693,42.4744,87,, 
694,42.5385,70,, 
695,42.6027,77,, 
696,42.6668,79,, 
697,42.731,85,, 
698,42.7952,86,, 
699,42.8594,85,, 
700,42.9236,70,, 
701,42.9878,91,, 
702,43.0521,82,, 
703,43.1163,82,, 
704,43.1806,80,, 
705,43.2449,91,, 
706,43.3092,75,, 
707,43.3735,96,, 
708,43.4378,105,, 
709,43.5022,82,, 
710,43.5665,76,, 
711,43.6309,86,, 
712,43.6953,92,, 
713,43.7597,85,, 
714,43.8241,93,, 
715,43.8885,72,, 
716,43.9529,88,, 
717,44.0174,65,, 
718,44.0818,79,, 
719,44.1463,80,, 
720,44.2108,103,, 
721,44.2753,92,, 
722,44.3398,88,, 
723,44.4044,72,, 
724,44.4689,100,, 
725,44.5335,86,, 
726,44.598,77,, 
727,44.6626,93,, 
728,44.7272,75,, 
729,44.7918,89,, 
730,44.8565,75,, 
731,44.9211,82,, 
732,44.9858,92,, 
733,45.0504,93,, 
734,45.1151,77,, 
735,45.1798,91,, 
736,45.2445,89,, 
737,45.3092,64,, 
738,45.374,91,, 
739,45.4387,90,, 
740,45.5035,92,, 
741,45.5683,109,, 
742,45.6331,79,, 
743,45.6979,92,, 
744,45.7627,93,, 
745,45.8275,86,, 
746,45.8924,74,, 
747,45.9572,93,, 
748,46.0221,85,, 
749,46.087,83,, 
750,46.1519,90,, 
751,46.2168,83,, 
752,46.2818,77,, 
753,46.3467,78,, 
754,46.4117,84,, 
755,46.4766,88,, 
756,46.5416,83,, 
757,46.6066,99,, 
758,46.6716,99,, 
759,46.7367,92,, 
760,46.8017,98,, 
761,46.8668,106,, 
762,46.9318,97,, 
763,46.9969,103,, 
764,47.062,100,, 
765,47.1271,94,, 
766,47.1922,97,, 
767,47.2574,98,, 
768,47.3225,109,, 
769,47.3877,107,, 
770,47.4529,86,, 
771,47.5181,95,, 
772,47.5833,88,, 
773,47.6485,83,, 
774,47.7137,97,, 
775,47.779,101,, 
776,47.8442,95,, 
777,47.9095,96,, 
778,47.9748,95,, 
779,48.0401,94,, 
780,48.1054,90,, 
781,48.1707,100,, 
782,48.2361,82,, 
783,48.3014,87,, 
784,48.3668,81,, 
785,48.4322,70,, 
786,48.4976,88,, 
787,48.563,88,, 
788,48.6284,94,, 
789,48.6939,101,, 
790,48.7593,82,, 
791,48.8248,106,, 
792,48.8903,105,, 
793,48.9558,90,, 
794,49.0213,95,, 
795,49.0868,92,, 
796,49.1523,92,, 
797,49.2179,91,, 
798,49.2834,102,, 
799,49.349,90,, 
800,49.4146,87,, 
801,49.4802,96,, 
802,49.5458,106,, 
803,49.6115,107,, 
804,49.6771,92,, 
805,49.7428,87,, 
806,49.8084,94,, 
807,49.8741,106,, 
808,49.9398,104,, 
809,50.0055,79,, 
810,50.0713,83,, 
811,50.137,90,, 
812,50.2028,118,, 
813,50.2685,96,, 
814,50.3343,90,, 
815,50.4001,105,, 
816,50.4659,86,, 
817,50.5318,89,, 
818,50.5976,98,, 
819,50.6634,85,, 
820,50.7293,102,, 
821,50.7952,116,, 
822,50.8611,103,, 
823,50.927,109,, 
824,50.9929,89,, 
825,51.0588,100,, 
826,51.1248,110,, 
827,51.1908,102,, 
828,51.2567,82,, 
829,51.3227,108,, 
830,51.3887,99,, 
831,51.4547,102,, 
832,51.5208,122,, 
833,51.5868,125,, 
834,51.6529,100,, 
835,51.719,97,, 
836,51.785,94,, 
837,51.8511,91,, 
838,51.9173,100,, 
839,51.9834,90,, 
840,52.0495,104,, 
841,52.1157,96,, 
842,52.1818,102,, 
843,52.248,94,, 
844,52.3142,105,, 
845,52.3804,113,, 
846,52.4467,97,, 
847,52.5129,97,, 
848,52.5791,93,, 
849,52.6454,102,, 
850,52.7117,117,, 
851,52.778,104,, 
852,52.8443,79,, 
853,52.9106,93,, 
854,52.9769,91,, 
855,53.0433,116,, 
856,53.1096,133,, 
857,53.176,109,, 
858,53.2424,115,, 
859,53.3088,100,, 
860,53.3752,119,, 
861,53.4417,113,, 
862,53.5081,103,, 
863,53.5746,111,, 
864,53.641,127,, 
865,53.7075,108,, 
866,53.774,128,, 
867,53.8405,108,, 
868,53.9071,111,, 
869,53.9736,103,, 
870,54.0401,128,, 
871,54.1067,122,, 
872,54.1733,96,, 
873,54.2399,121,, 
874,54.3065,111,, 
875,54.3731,115,, 
876,54.4398,96,, 
877,54.5064,104,, 
878,54.5731,108,, 
879,54.6398,106,, 
880,54.7064,112,, 
881,54.7731,103,, 
882,54.8399,112,, 
883,54.9066,100,, 
884,54.9733,95,, 
885,55.0401,99,, 
886,55.1069,129,, 
887,55.1737,102,, 
888,55.2405,111,, 
889,55.3073,108,, 
890,55.3741,122,, 
891,55.441,116,, 
892,55.5078,117,, 
893,55.5747,115,, 
894,55.6416,112,, 
895,55.7085,119,, 
896,55.7754,119,, 
897,55.8423,124,, 
898,55.9092,142,, 
899,55.9762,131,, 
900,56.0432,106,, 
901,56.1101,121,, 
902,56.1771,129,, 
903,56.2441,120,, 
904,56.3112,122,, 
905,56.3782,118,, 
906,56.4452,131,, 
907,56.5123,124,, 
908,56.5794,116,, 
909,56.6465,117,, 
910,56.7136,118,, 
911,56.7807,129,, 
912,56.8478,109,, 
913,56.915,117,, 
914,56.9821,152,, 
915,57.0493,122,, 
916,57.1165,147,, 
917,57.1837,131,, 
918,57.2509,118,, 
919,57.3181,126,, 
920,57.3854,112,, 
921,57.4526,122,, 
922,57.5199,128,, 
923,57.5872,98,, 
924,57.6545,126,, 
925,57.7218,121,, 
926,57.7891,121,, 
927,57.8564,106,, 
928,57.9238,128,, 
929,57.9912,122,, 
930,58.0585,111,, 
931,58.1259,124,, 
932,58.1933,124,, 
933,58.2608,132,, 
934,58.3282,142,, 
935,58.3956,123,, 
936,58.4631,111,, 
937,58.5306,128,, 
938,58.5981,121,, 
939,58.6656,125,, 
940,58.7331,121,, 
941,58.8006,124,, 
942,58.8682,151,, 
943,58.9357,148,, 
944,59.0033,118,, 
945,59.0709,146,, 
946,59.1385,148,, 
947,59.2061,144,, 
948,59.2737,135,, 
949,59.3414,127,, 
950,59.409,143,, 
951,59.4767,114,, 
952,59.5444,145,, 
953,59.6121,123,, 
954,59.6798,110,, 
955,59.7475,118,, 
956,59.8152,134,, 
957,59.883,132,, 
958,59.9507,129,, 
959,60.0185,120,, 
960,60.0863,120,, 
961,60.1541,134,, 
962,60.2219,141,, 
963,60.2898,151,, 
964,60.3576,112,, 
965,60.4255,154,, 
966,60.4933,121,, 
967,60.5612,136,, 
968,60.6291,132,, 
969,60.697,129,, 
970,60.765,122,, 
971,60.8329,131,, 
972,60.9009,121,, 
973,60.9688,145,, 
974,61.0368,126,, 
975,61.1048,152,, 
976,61.1728,140,, 
977,61.2409,121,, 
978,61.3089,144,, 
979,61.377,128,, 
980,61.445,134,, 
981,61.5131,130,, 
982,61.5812,120,, 
983,61.6493,152,, 
984,61.7174,175,, 
985,61.7856,161,, 
986,61.8537,164,, 
987,61.9219,150,, 
988,61.99,120,, 
989,62.0582,134,, 
990,62.1264,139,, 
991,62.1947,133,, 
992,62.2629,129,, 
993,62.3311,123,, 
994,62.3994,140,, 
995,62.4677,139,, 
996,62.536,153,, 
997,62.6043,141,, 
998,62.6726,135,, 
999,62.7409,146,, 
1000,62.8092,136,, 
1001,62.8776,117,, 
1002,62.946,138,, 
1003,63.0144,126,, 
1004,63.0827,129,, 
1005,63.1512,135,, 
1006,63.2196,170,, 
1007,63.288,133,, 
1008,63.3565,144,, 
1009,63.4249,162,, 
1010,63.4934,135,, 
1011,63.5619,152,, 
1012,63.6304,132,, 
1013,63.6989,134,, 
1014,63.7675,145,, 
1015,63.836,136,, 
1016,63.9046,163,, 
1017,63.9732,138,, 
1018,64.0417,149,, 
1019,64.1103,157,, 
1020,64.179,147,, 
1021,64.2476,133,, 
1022,64.3162,159,, 
1023,64.3849,147,, 
1024,64.4536,155,, 
1025,64.5223,144,, 
1026,64.591,156,, 
1027,64.6597,145,, 
1028,64.7284,150,, 
1029,64.7971,132,, 
1030,64.8659,149,, 
1031,64.9347,155,, 
1032,65.0034,137,, 
1033,65.0722,141,, 
1034,65.141,146,, 
1035,65.2099,150,, 
1036,65.2787,122,, 
1037,65.3476,137,, 
1038,65.4164,146,, 
1039,65.4853,152,, 
1040,65.5542,156,, 
1041,65.6231,150,, 
1042,65.692,127,, 
1043,65.7609,145,, 
1044,65.8299,153,, 
1045,65.8989,122,, 
1046,65.9678,161,, 
1047,66.0368,155,, 
1048,66.1058,154,, 
1049,66.1748,151,, 
1050,66.2439,148,, 
1051,66.3129,147,, 
1052,66.382,163,, 
1053,66.451,174,, 
1054,66.5201,178,, 
1055,66.5892,140,, 
1056,66.6583,136,, 
1057,66.7275,169,, 
1058,66.7966,167,, 
1059,66.8657,176,, 
1060,66.9349,144,, 
1061,67.0041,163,, 
1062,67.0733,157,, 
1063,67.1425,142,, 
1064,67.2117,123,, 
1065,67.281,162,, 
1066,67.3502,146,, 
1067,67.4195,156,, 
1068,67.4887,164,, 
1069,67.558,159,, 
1070,67.6273,147,, 
1071,67.6967,161,, 
1072,67.766,142,, 
1073,67.8353,171,, 
1074,67.9047,158,, 
1075,67.9741,151,, 
1076,68.0435,158,, 
1077,68.1129,149,, 
1078,68.1823,166,, 
1079,68.2517,130,, 
1080,68.3211,172,, 
1081,68.3906,158,, 
1082,68.4601,129,, 
1083,68.5296,153,, 
1084,68.599,140,, 
1085,68.6686,139,, 
1086,68.7381,182,, 
1087,68.8076,138,, 
1088,68.8772,158,, 
1089,68.9467,134,, 
1090,69.0163,167,, 
1091,69.0859,140,, 
1092,69.1555,190,, 
1093,69.2251,156,, 
1094,69.2948,147,, 
1095,69.3644,153,, 
1096,69.4341,155,, 
1097,69.5038,163,, 
1098,69.5735,144,, 
1099,69.6432,153,, 
1100,69.7129,163,, 
1101,69.7826,147,, 
1102,69.8523,155,, 
1103,69.9221,182,, 
1104,69.9919,173,, 
1105,70.0617,171,, 
1106,70.1315,175,, 
1107,70.2013,181,, 
1108,70.2711,170,, 
1109,70.3409,169,, 
1110,70.4108,170,, 
1111,70.4807,158,, 
1112,70.5505,171,, 
1113,70.6204,150,, 
1114,70.6904,169,, 
1115,70.7603,172,, 
1116,70.8302,146,, 
1117,70.9002,156,, 
1118,70.9701,161,, 
1119,71.0401,148,, 
1120,71.1101,175,, 
1121,71.1801,168,, 
1122,71.2501,177,, 
1123,71.3202,159,, 
1124,71.3902,201,, 
1125,71.4603,174,, 
1126,71.5303,132,, 
1127,71.6004,171,, 
1128,71.6705,154,, 
1129,71.7407,161,, 
1130,71.8108,165,, 
1131,71.8809,159,, 
1132,71.9511,186,, 
1133,72.0213,173,, 
1134,72.0914,168,, 
1135,72.1616,162,, 
1136,72.2318,162,, 
1137,72.3021,158,, 
1138,72.3723,165,, 
1139,72.4426,181,, 
1140,72.5128,150,, 
1141,72.5831,162,, 
1142,72.6534,148,, 
1143,72.7237,178,, 
1144,72.794,149,, 
1145,72.8644,151,, 
1146,72.9347,186,, 
1147,73.0051,170,, 
1148,73.0755,154,, 
1149,73.1459,176,, 
1150,73.2163,189,, 
1151,73.2867,166,, 
1152,73.3571,191,, 
1153,73.4276,187,, 
1154,73.498,224,, 
1155,73.5685,198,, 
1156,73.639,213,, 
1157,73.7095,208,, 
1158,73.78,215,, 
1159,73.8505,178,, 
1160,73.9211,207,, 
1161,73.9916,198,, 
1162,74.0622,198,, 
1163,74.1328,189,, 
1164,74.2034,162,, 
1165,74.274,197,, 
1166,74.3446,195,, 
1167,74.4152,170,, 
1168,74.4859,176,, 
1169,74.5566,186,, 
1170,74.6272,171,, 
1171,74.6979,177,, 
1172,74.7686,179,, 
1173,74.8394,174,, 
1174,74.9101,172,, 
1175,74.9809,188,, 
1176,75.0516,168,, 
1177,75.1224,153,, 
1178,75.1932,162,, 
1179,75.264,190,, 
1180,75.3348,160,, 
1181,75.4056,174,, 
1182,75.4765,169,, 
1183,75.5473,161,, 
1184,75.6182,180,, 
1185,75.6891,202,, 
1186,75.76,197,, 
1187,75.8309,199,, 
1188,75.9018,206,, 
1189,75.9728,211,, 
1190,76.0437,232,, 
1191,76.1147,202,, 
1192,76.1857,233,, 
1193,76.2567,216,, 
1194,76.3277,205,, 
1195,76.3987,191,, 
1196,76.4698,180,, 
1197,76.5408,199,, 
1198,76.6119,199,, 
1199,76.6829,167,, 
1200,76.754,180,, 
1201,76.8251,189,, 
1202,76.8963,180,, 
1203,76.9674,164,, 
1204,77.0385,186,, 
1205,77.1097,161,, 
1206,77.1809,172,, 
1207,77.2521,158,, 
1208,77.3233,188,, 
1209,77.3945,186,, 
1210,77.4657,163,, 
1211,77.537,186,, 
1212,77.6082,154,, 
1213,77.6795,208,, 
1214,77.7508,156,, 
1215,77.8221,150,, 
1216,77.8934,169,, 
1217,77.9647,168,, 
1218,78.0361,186,, 
1219,78.1074,149,, 
1220,78.1788,187,, 
1221,78.2502,171,, 
1222,78.3216,196,, 
1223,78.393,171,, 
1224,78.4644,180,, 
1225,78.5358,165,, 
1226,78.6073,155,, 
1227,78.6787,175,, 
1228,78.7502,161,, 
1229,78.8217,169,, 
1230,78.8932,181,, 
1231,78.9647,153,, 
1232,79.0363,210,, 
1233,79.1078,155,, 
1234,79.1794,160,, 
1235,79.2509,174,, 
1236,79.3225,154,, 
1237,79.3941,167,, 
1238,79.4657,171,, 
1239,79.5374,191,, 
1240,79.609,183,, 
1241,79.6807,184,, 
1242,79.7523,209,, 
1243,79.824,168,, 
1244,79.8957,169,, 
1245,79.9674,175,, 
1246,80.0392,189,, 
1247,80.1109,186,, 
1248,80.1827,188,, 
1249,80.2544,181,, 
1250,80.3262,180,, 
1251,80.398,191,, 
1252,80.4698,173,, 
1253,80.5416,185,, 
1254,80.6135,164,, 
1255,80.6853,198,, 
1256,80.7572,171,, 
1257,80.8291,150,, 
1258,80.9009,178,, 
1259,80.9728,176,, 
1260,81.0448,167,, 
1261,81.1167,158,, 
1262,81.1886,186,, 
1263,81.2606,182,, 
1264,81.3326,194,, 
1265,81.4046,155,, 
1266,81.4766,198,, 
1267,81.5486,177,, 
1268,81.6206,178,, 
1269,81.6926,155,, 
1270,81.7647,189,, 
1271,81.8368,199,, 
1272,81.9088,163,, 
1273,81.9809,188,, 
1274,82.0531,184,, 
1275,82.1252,205,, 
1276,82.1973,163,, 
1277,82.2695,167,, 
1278,82.3416,157,, 
1279,82.4138,178,, 
1280,82.486,172,, 
1281,82.5582,190,, 
1282,82.6304,175,, 
1283,82.7027,166,, 
1284,82.7749,187,, 
1285,82.8472,189,, 
1286,82.9195,168,, 
1287,82.9917,182,, 
1288,83.064,168,, 
1289,83.1364,196,, 
1290,83.2087,197,, 
1291,83.281,185,, 
1292,83.3534,182,, 
1293,83.4258,199,, 
1294,83.4981,161,, 
1295,83.5705,205,, 
1296,83.643,180,, 
1297,83.7154,185,, 
1298,83.7878,203,, 
1299,83.8603,204,, 
1300,83.9328,170,, 
1301,84.0052,202,, 
1302,84.0777,186,, 
1303,84.1502,194,, 
1304,84.2228,173,, 
1305,84.2953,170,, 
1306,84.3678,151,, 
1307,84.4404,165,, 
1308,84.513,172,, 
1309,84.5856,183,, 
1310,84.6582,171,, 
1311,84.7308,185,, 
1312,84.8034,162,, 
1313,84.8761,165,, 
1314,84.9487,177,, 
1315,85.0214,159,, 
1316,85.0941,158,, 
1317,85.1668,163,, 
1318,85.2395,151,, 
1319,85.3123,202,, 
1320,85.385,179,, 
1321,85.4578,168,, 
1322,85.5305,177,, 
1323,85.6033,171,, 
1324,85.6761,182,, 
1325,85.7489,176,, 
1326,85.8217,191,, 
1327,85.8946,190,, 
1328,85.9674,159,, 
1329,86.0403,178,, 
1330,86.1132,187,, 
1331,86.1861,203,, 
1332,86.259,155,, 
1333,86.3319,181,, 
1334,86.4048,203,, 
1335,86.4778,192,, 
1336,86.5508,200,, 
1337,86.6237,179,, 
1338,86.6967,188,, 
1339,86.7697,183,, 
1340,86.8427,174,, 
1341,86.9158,173,, 
1342,86.9888,161,, 
1343,87.0619,160,, 
1344,87.135,210,, 
1345,87.208,148,, 
1346,87.2811,185,, 
1347,87.3543,175,, 
1348,87.4274,198,, 
1349,87.5005,186,, 
1350,87.5737,156,, 
1351,87.6469,182,, 
1352,87.72,173,, 
1353,87.7932,181,, 
1354,87.8664,166,, 
1355,87.9397,184,, 
1356,88.0129,179,, 
1357,88.0862,166,, 
1358,88.1594,170,, 
1359,88.2327,177,, 
1360,88.306,164,, 
1361,88.3793,175,, 
1362,88.4526,183,, 
1363,88.526,181,, 
1364,88.5993,155,, 
1365,88.6727,181,, 
1366,88.746,185,, 
1367,88.8194,188,, 
1368,88.8928,158,, 
1369,88.9663,181,, 
1370,89.0397,195,, 
1371,89.1131,212,, 
1372,89.1866,179,, 
1373,89.2601,184,, 
1374,89.3335,184,, 
1375,89.407,193,, 
1376,89.4806,196,, 
1377,89.5541,167,, 
1378,89.6276,172,, 
1379,89.7012,158,, 
1380,89.7747,200,, 
1381,89.8483,168,, 
1382,89.9219,183,, 
1383,89.9955,165,, 
1384,90.0692,191,, 
1385,90.1428,173,, 
1386,90.2164,158,, 
1387,90.2901,171,, 
1388,90.3638,173,, 
1389,90.4375,172,, 
1390,90.5112,164,, 
1391,90.5849,191,, 
1392,90.6586,164,, 
1393,90.7324,171,, 
1394,90.8061,180,, 
1395,90.8799,173,, 
1396,90.9537,159,, 
1397,91.0275,165,, 
1398,91.1013,161,, 
1399,91.1752,184,, 
1400,91.249,155,, 
1401,91.3229,188,, 
1402,91.3967,182,, 
1403,91.4706,159,, 
1404,91.5445,183,, 
1405,91.6184,184,, 
1406,91.6924,182,, 
1407,91.7663,192,, 
1408,91.8402,191,, 
1409,91.9142,192,, 
1410,91.9882,165,, 
1411,92.0622,204,, 
1412,92.1362,170,, 
1413,92.2102,188,, 
1414,92.2843,183,, 
1415,92.3583,177,, 
1416,92.4324,171,, 
1417,92.5064,189,, 
1418,92.5805,159,, 
1419,92.6546,205,, 
1420,92.7288,161,, 
1421,92.8029,199,, 
1422,92.877,186,, 
1423,92.9512,181,, 
1424,93.0254,185,, 
1425,93.0996,158,, 
1426,93.1738,165,, 
1427,93.248,191,, 
1428,93.3222,177,, 
1429,93.3964,176,, 
1430,93.4707,189,, 
1431,93.545,170,, 
1432,93.6193,157,, 
1433,93.6935,176,, 
1434,93.7679,140,, 
1435,93.8422,187,, 
1436,93.9165,178,, 
1437,93.9909,159,, 
1438,94.0652,169,, 
1439,94.1396,176,, 
1440,94.214,157,, 
1441,94.2884,148,, 
1442,94.3628,178,, 
1443,94.4373,184,, 
1444,94.5117,170,, 
1445,94.5862,173,, 
1446,94.6607,162,, 
1447,94.7352,185,, 
1448,94.8097,166,, 
1449,94.8842,169,, 
1450,94.9587,149,, 
1451,95.0332,164,, 
1452,95.1078,168,, 
1453,95.1824,169,, 
1454,95.257,177,, 
1455,95.3316,160,, 
1456,95.4062,180,, 
1457,95.4808,162,, 
1458,95.5554,178,, 
1459,95.6301,172,, 
1460,95.7048,144,, 
1461,95.7795,146,, 
1462,95.8541,189,, 
1463,95.9289,168,, 
1464,96.0036,177,, 
1465,96.0783,147,, 
1466,96.1531,175,, 
1467,96.2278,169,, 
1468,96.3026,178,, 
1469,96.3774,178,, 
1470,96.4522,163,, 
1471,96.527,176,, 
1472,96.6019,156,, 
1473,96.6767,176,, 
1474,96.7516,159,, 
1475,96.8265,166,, 
1476,96.9013,174,, 
1477,96.9762,157,, 
1478,97.0512,153,, 
1479,97.1261,153,, 
1480,97.201,170,, 
1481,97.276,160,, 
1482,97.351,176,, 
1483,97.4259,172,, 
1484,97.5009,164,, 
1485,97.576,156,, 
1486,97.651,143,, 
1487,97.726,166,, 
1488,97.8011,145,, 
1489,97.8761,174,, 
1490,97.9512,175,, 
1491,98.0263,180,, 
1492,98.1014,168,, 
1493,98.1766,189,, 
1494,98.2517,162,, 
1495,98.3268,184,, 
1496,98.402,170,, 
1497,98.4772,168,, 
1498,98.5524,138,, 
1499,98.6276,168,, 
1500,98.7028,159,, 
1501,98.778,171,, 
1502,98.8533,167,, 
1503,98.9285,169,, 
1504,99.0038,143,, 
1505,99.0791,196,, 
1506,99.1544,165,, 
1507,99.2297,160,, 
1508,99.305,157,, 
1509,99.3804,156,, 
1510,99.4557,148,, 
1511,99.5311,162,, 
1512,99.6065,156,, 
1513,99.6819,168,, 
1514,99.7573,168,, 
1515,99.8327,172,, 
1516,99.9082,190,, 
1517,99.9836,175,, 
1518,100.059,173,, 
1519,100.135,164,, 
1520,100.21,150,, 
1521,100.286,149,, 
1522,100.361,150,, 
1523,100.437,155,, 
1524,100.512,157,, 
1525,100.588,165,, 
1526,100.663,139,, 
1527,100.739,171,, 
1528,100.815,170,, 
1529,100.89,153,, 
1530,100.966,185,, 
1531,101.041,162,, 
1532,101.117,178,, 
1533,101.193,161,, 
1534,101.268,145,, 
1535,101.344,146,, 
1536,101.42,158,, 
1537,101.496,156,, 
1538,101.571,162,, 
1539,101.647,171,, 
1540,101.723,179,, 
1541,101.799,144,, 
1542,101.874,184,, 
1543,101.95,170,, 
1544,102.026,173,, 
1545,102.102,147,, 
1546,102.178,168,, 
1547,102.254,150,, 
1548,102.329,172,, 
1549,102.405,167,, 
1550,102.481,161,, 
1551,102.557,152,, 
1552,102.633,162,, 
1553,102.709,156,, 
1554,102.785,134,, 
1555,102.861,140,, 
1556,102.937,169,, 
1557,103.013,180,, 
1558,103.089,141,, 
1559,103.165,164,, 
1560,103.241,131,, 
1561,103.317,137,, 
1562,103.393,130,, 
1563,103.469,161,, 
1564,103.545,142,, 
1565,103.622,134,, 
1566,103.698,163,, 
1567,103.774,163,, 
1568,103.85,183,, 
1569,103.926,155,, 
1570,104.002,153,, 
1571,104.078,142,, 
1572,104.155,141,, 
1573,104.231,171,, 
1574,104.307,157,, 
1575,104.383,152,, 
1576,104.46,148,, 
1577,104.536,155,, 
1578,104.612,153,, 
1579,104.689,173,, 
1580,104.765,149,, 
1581,104.841,176,, 
1582,104.918,162,, 
1583,104.994,145,, 
1584,105.07,144,, 
1585,105.147,138,, 
1586,105.223,137,, 
1587,105.299,177,, 
1588,105.376,167,, 
1589,105.452,151,, 
1590,105.529,151,, 
1591,105.605,131,, 
1592,105.682,187,, 
1593,105.758,151,, 
1594,105.835,151,, 
1595,105.911,162,, 
1596,105.988,175,, 
1597,106.064,141,, 
1598,106.141,155,, 
1599,106.218,164,, 
1600,106.294,138,, 
1601,106.371,144,, 
1602,106.447,163,, 
1603,106.524,126,, 
1604,106.601,145,, 
1605,106.677,148,, 
1606,106.754,149,, 
1607,106.831,168,, 
1608,106.907,146,, 
1609,106.984,151,, 
1610,107.061,164,, 
1611,107.138,135,, 
1612,107.214,155,, 
1613,107.291,148,, 
1614,107.368,150,, 
1615,107.445,153,, 
1616,107.522,153,, 
1617,107.598,122,, 
1618,107.675,154,, 
1619,107.752,131,, 
1620,107.829,153,, 
1621,107.906,167,, 
1622,107.983,144,, 
1623,108.06,143,, 
1624,108.137,141,, 
1625,108.213,150,, 
1626,108.29,156,, 
1627,108.367,160,, 
1628,108.444,151,, 
1629,108.521,179,, 
1630,108.598,151,, 
1631,108.675,146,, 
1632,108.752,177,, 
1633,108.829,145,, 
1634,108.907,122,, 
1635,108.984,134,, 
1636,109.061,134,, 
1637,109.138,120,, 
1638,109.215,154,, 
1639,109.292,152,, 
1640,109.369,148,, 
1641,109.446,152,, 
1642,109.523,151,, 
1643,109.601,152,, 
1644,109.678,143,, 
1645,109.755,154,, 
1646,109.832,136,, 
1647,109.91,156,, 
1648,109.987,146,, 
1649,110.064,145,, 
1650,110.141,155,, 
1651,110.219,157,, 
1652,110.296,137,, 
1653,110.373,146,, 
1654,110.451,151,, 
1655,110.528,160,, 
1656,110.605,142,, 
1657,110.683,154,, 
1658,110.76,152,, 
1659,110.838,139,, 
1660,110.915,136,, 
1661,110.992,139,, 
1662,111.07,160,, 
1663,111.147,135,, 
1664,111.225,155,, 
1665,111.302,136,, 
1666,111.38,136,, 
1667,111.457,141,, 
1668,111.535,146,, 
1669,111.612,137,, 
1670,111.69,151,, 
1671,111.767,128,, 
1672,111.845,127,, 
1673,111.923,160,, 
1674,112,119,, 
1675,112.078,150,, 
1676,112.156,138,, 
1677,112.233,142,, 
1678,112.311,153,, 
1679,112.389,126,, 
1680,112.466,153,, 
1681,112.544,150,, 
1682,112.622,148,, 
1683,112.699,154,, 
1684,112.777,148,, 
1685,112.855,140,, 
1686,112.933,152,, 
1687,113.01,173,, 
1688,113.088,130,, 
1689,113.166,153,, 
1690,113.244,137,, 
1691,113.322,146,, 
1692,113.4,129,, 
1693,113.477,137,, 
1694,113.555,138,, 
1695,113.633,134,, 
1696,113.711,130,, 
1697,113.789,147,, 
1698,113.867,142,, 
1699,113.945,130,, 
1700,114.023,143,, 
1701,114.101,128,, 
1702,114.179,126,, 
1703,114.257,136,, 
1704,114.335,137,, 
1705,114.413,144,, 
1706,114.491,156,, 
1707,114.569,163,, 
1708,114.647,142,, 
1709,114.725,150,, 
1710,114.803,144,, 
1711,114.882,158,, 
1712,114.96,153,, 
1713,115.038,156,, 
1714,115.116,168,, 
1715,115.194,152,, 
1716,115.272,126,, 
1717,115.351,135,, 
1718,115.429,129,, 
1719,115.507,118,, 
1720,115.585,152,, 
1721,115.664,148,, 
1722,115.742,146,, 
1723,115.82,142,, 
1724,115.898,141,, 
1725,115.977,160,, 
1726,116.055,155,, 
1727,116.133,122,, 
1728,116.212,145,, 
1729,116.29,136,, 
1730,116.368,144,, 
1731,116.447,140,, 
1732,116.525,124,, 
1733,116.604,150,, 
1734,116.682,143,, 
1735,116.761,141,, 
1736,116.839,139,, 
1737,116.918,140,, 
1738,116.996,151,, 
1739,117.075,142,, 
1740,117.153,135,, 
1741,117.232,133,, 
1742,117.31,133,, 
1743,117.389,141,, 
1744,117.467,121,, 
1745,117.546,135,, 
1746,117.624,141,, 
1747,117.703,144,, 
1748,117.782,153,, 
1749,117.86,150,, 
1750,117.939,127,, 
1751,118.018,135,, 
1752,118.096,132,, 
1753,118.175,139,, 
1754,118.254,140,, 
1755,118.333,124,, 
1756,118.411,141,, 
1757,118.49,134,, 
1758,118.569,142,, 
1759,118.648,137,, 
1760,118.726,140,, 
1761,118.805,143,, 
1762,118.884,126,, 
1763,118.963,153,, 
1764,119.042,112,, 
1765,119.121,125,, 
1766,119.199,151,, 
1767,119.278,145,, 
1768,119.357,143,, 
1769,119.436,144,, 
1770,119.515,142,, 
1771,119.594,133,, 
1772,119.673,138,, 
1773,119.752,128,, 
1774,119.831,135,, 
1775,119.91,146,, 
1776,119.989,155,, 
1777,120.068,149,, 
1778,120.147,148,, 
1779,120.226,155,, 
1780,120.305,139,, 
1781,120.384,161,, 
1782,120.463,133,, 
1783,120.542,142,, 
1784,120.622,136,, 
1785,120.701,116,, 
1786,120.78,134,, 
1787,120.859,144,, 
1788,120.938,143,, 
1789,121.017,132,, 
1790,121.097,141,, 
1791,121.176,116,, 
1792,121.255,133,, 
1793,121.334,170,, 
1794,121.414,143,, 
1795,121.493,141,, 
1796,121.572,122,, 
1797,121.651,132,, 
1798,121.731,117,, 
1799,121.81,165,, 
1800,121.889,125,, 
1801,121.969,138,, 
1802,122.048,154,, 
1803,122.128,131,, 
1804,122.207,118,, 
1805,122.286,124,, 
1806,122.366,147,, 
1807,122.445,130,, 
1808,122.525,141,, 
1809,122.604,137,, 
1810,122.684,149,, 
1811,122.763,128,, 
1812,122.843,146,, 
1813,122.922,135,, 
1814,123.002,133,, 
1815,123.081,127,, 
1816,123.161,148,, 
1817,123.24,124,, 
1818,123.32,148,, 
1819,123.4,133,, 
1820,123.479,162,, 
1821,123.559,129,, 
1822,123.638,146,, 
1823,123.718,140,, 
1824,123.798,107,, 
1825,123.878,155,, 
1826,123.957,110,, 
1827,124.037,119,, 
1828,124.117,140,, 
1829,124.196,117,, 
1830,124.276,134,, 
1831,124.356,147,, 
1832,124.436,151,, 
1833,124.516,127,, 
1834,124.595,127,, 
1835,124.675,114,, 
1836,124.755,144,, 
1837,124.835,117,, 
1838,124.915,124,, 
1839,124.995,116,, 
1840,125.074,106,, 
1841,125.154,125,, 
1842,125.234,124,, 
1843,125.314,128,, 
1844,125.394,153,, 
1845,125.474,141,, 
1846,125.554,145,, 
1847,125.634,130,, 
1848,125.714,135,, 
1849,125.794,118,, 
1850,125.874,146,, 
1851,125.954,140,, 
1852,126.034,130,, 
1853,126.114,146,, 
1854,126.194,123,, 
1855,126.275,110,, 
1856,126.355,118,, 
1857,126.435,138,, 
1858,126.515,155,, 
1859,126.595,140,, 
1860,126.675,136,, 
1861,126.755,124,, 
1862,126.836,132,, 
1863,126.916,131,, 
1864,126.996,131,, 
1865,127.076,111,, 
1866,127.157,132,, 
1867,127.237,124,, 
1868,127.317,139,, 
1869,127.397,128,, 
1870,127.478,124,, 
1871,127.558,142,, 
1872,127.638,116,, 
1873,127.719,129,, 
1874,127.799,127,, 
1875,127.879,130,, 
1876,127.96,139,, 
1877,128.04,112,, 
1878,128.121,140,, 
1879,128.201,127,, 
1880,128.282,148,, 
1881,128.362,133,, 
1882,128.443,111,, 
1883,128.523,113,, 
1884,128.603,132,, 
1885,128.684,136,, 
1886,128.765,117,, 
1887,128.845,129,, 
1888,128.926,113,, 
1889,129.006,110,, 
1890,129.087,119,, 
1891,129.167,149,, 
1892,129.248,122,, 
1893,129.329,125,, 
1894,129.409,157,, 
1895,129.49,133,, 
1896,129.571,131,, 
1897,129.651,148,, 
1898,129.732,150,, 
1899,129.813,129,, 
1900,129.893,138,, 
1901,129.974,126,, 
1902,130.055,113,, 
1903,130.136,147,, 
1904,130.216,112,, 
1905,130.297,124,, 
1906,130.378,112,, 
1907,130.459,135,, 
1908,130.54,125,, 
1909,130.62,122,, 
1910,130.701,114,, 
1911,130.782,131,, 
1912,130.863,110,, 
1913,130.944,116,, 
1914,131.025,117,, 
1915,131.106,122,, 
1916,131.187,119,, 
1917,131.268,126,, 
1918,131.349,121,, 
1919,131.43,140,, 
1920,131.511,125,, 
1921,131.592,133,, 
1922,131.673,121,, 
1923,131.754,132,, 
1924,131.835,120,, 
1925,131.916,125,, 
1926,131.997,122,, 
1927,132.078,135,, 
1928,132.159,132,, 
1929,132.24,128,, 
1930,132.321,115,, 
1931,132.403,126,, 
1932,132.484,113,, 
1933,132.565,112,, 
1934,132.646,134,, 
1935,132.727,125,, 
1936,132.808,136,, 
1937,132.89,107,, 
1938,132.971,117,, 
1939,133.052,111,, 
1940,133.133,139,, 
1941,133.215,144,, 
1942,133.296,120,, 
1943,133.377,140,, 
1944,133.459,112,, 
1945,133.54,124,, 
1946,133.621,121,, 
1947,133.703,144,, 
1948,133.784,117,, 
1949,133.866,103,, 
1950,133.947,112,, 
1951,134.028,135,, 
1952,134.11,134,, 
1953,134.191,120,, 
1954,134.273,128,, 
1955,134.354,130,, 
1956,134.436,111,, 
1957,134.517,124,, 
1958,134.599,123,, 
1959,134.68,140,, 
1960,134.762,146,, 
1961,134.843,106,, 
1962,134.925,111,, 
1963,135.006,127,, 
1964,135.088,101,, 
1965,135.17,128,, 
1966,135.251,129,, 
1967,135.333,117,, 
1968,135.415,106,, 
1969,135.496,124,, 
1970,135.578,116,, 
1971,135.66,128,, 
1972,135.741,116,, 
1973,135.823,138,, 
1974,135.905,102,, 
1975,135.987,115,, 
1976,136.068,130,, 
1977,136.15,102,, 
1978,136.232,116,, 
1979,136.314,138,, 
1980,136.396,104,, 
1981,136.477,131,, 
1982,136.559,109,, 
1983,136.641,108,, 
1984,136.723,113,, 
1985,136.805,107,, 
1986,136.887,111,, 
1987,136.969,127,, 
1988,137.051,114,, 
1989,137.133,104,, 
1990,137.215,113,, 
1991,137.296,119,, 
1992,137.378,124,, 
1993,137.46,107,, 
1994,137.542,114,, 
1995,137.625,116,, 
1996,137.707,119,, 
1997,137.789,115,, 
1998,137.871,106,, 
1999,137.953,109,, 
2000,138.035,113,, 
2001,138.117,109,, 
2002,138.199,120,, 
2003,138.281,113,, 
2004,138.363,118,, 
2005,138.446,97,, 
2006,138.528,117,, 
2007,138.61,102,, 
2008,138.692,121,, 
2009,138.774,123,, 
2010,138.857,108,, 
2011,138.939,108,, 
2012,139.021,108,, 
2013,139.103,124,, 
2014,139.186,107,, 
2015,139.268,109,, 
2016,139.35,128,, 
2017,139.433,115,, 
2018,139.515,107,, 
2019,139.597,102,, 
2020,139.68,116,, 
2021,139.762,119,, 
2022,139.844,127,, 
2023,139.927,123,, 
2024,140.009,124,, 
2025,140.092,120,, 
2026,140.174,103,, 
2027,140.257,97,, 
2028,140.339,100,, 
2029,140.422,119,, 
2030,140.504,107,, 
2031,140.587,96,, 
2032,140.669,108,, 
2033,140.752,121,, 
2034,140.834,119,, 
2035,140.917,111,, 
2036,140.999,122,, 
2037,141.082,115,, 
2038,141.165,113,, 
2039,141.247,106,, 
2040,141.33,105,, 
2041,141.413,95,, 
2042,141.495,101,, 
2043,141.578,81,, 
2044,141.661,61,, 
2045,141.743,1,, 
2046,141.826,0,, 
2047,141.909,0,, 
