0,-0.34662,0,, 
1,-0.284887,0,, 
2,-0.223149,0,, 
3,-0.161405,0,, 
4,-9.97E-02,0,, 
5,-3.79E-02,0,, 
6,2.39E-02,0,, 
7,8.56E-02,0,, 
8,0.147401,0,, 
9,0.209179,0,, 
10,0.270963,0,, 
11,0.332752,0,, 
12,0.394547,0,, 
13,0.456348,0,, 
14,0.518155,1,, 
15,0.579967,740,, 
16,0.641784,16379,, 
17,0.703608,15462,, 
18,0.765437,12122,, 
19,0.827272,9878,, 
20,0.889112,8840,, 
21,0.950958,8626,, 
22,1.01281,8594,, 
23,1.07467,8463,, 
24,1.13653,8632,, 
25,1.1984,8700,, 
26,1.26027,8697,, 
27,1.32215,8665,, 
28,1.38404,8819,, 
29,1.44593,9175,, 
30,1.50783,8886,, 
31,1.56973,9242,, 
32,1.63164,9612,, 
33,1.69355,9898,, 
34,1.75547,10127,, 
35,1.8174,10326,, 
36,1.87933,10291,, 
37,1.94127,10593,, 
38,2.00321,10310,, 
39,2.06516,10493,, 
40,2.12711,10209,, 
41,2.18907,10424,, 
42,2.25104,10654,, 
43,2.31301,10762,, 
44,2.37498,11463,, 
45,2.43697,12070,, 
46,2.49895,13331,, 
47,2.56095,14071,, 
48,2.62295,14503,, 
49,2.68495,15372,, 
50,2.74696,15653,, 
51,2.80898,15726,, 
52,2.871,15368,, 
53,2.93303,14548,, 
54,2.99506,13804,, 
55,3.0571,12639,, 
56,3.11914,11600,, 
57,3.18119,10497,, 
58,3.24325,9732,, 
59,3.30531,8897,, 
60,3.36738,8206,, 
61,3.42945,7652,, 
62,3.49153,7089,, 
63,3.55361,6575,, 
64,3.6157,6117,, 
65,3.6778,5803,, 
66,3.7399,5552,, 
67,3.80201,5682,, 
68,3.86412,6093,, 
69,3.92624,6351,, 
70,3.98836,6853,, 
71,4.05049,6959,, 
72,4.11262,6698,, 
73,4.17477,6089,, 
74,4.23691,5082,, 
75,4.29906,4370,, 
76,4.36122,3712,, 
77,4.42339,3036,, 
78,4.48555,2658,, 
79,4.54773,2638,, 
80,4.60991,2469,, 
81,4.6721,2454,, 
82,4.73429,2405,, 
83,4.79648,2374,, 
84,4.85869,2276,, 
85,4.9209,2245,, 
86,4.98311,2277,, 
87,5.04533,2202,, 
88,5.10756,2178,, 
89,5.16979,2138,, 
90,5.23203,2102,, 
91,5.29427,2063,, 
92,5.35652,2008,, 
93,5.41877,2117,, 
94,5.48103,2147,, 
95,5.5433,2135,, 
96,5.60557,2375,, 
97,5.66784,2651,, 
98,5.73013,2952,, 
99,5.79241,3253,, 
100,5.85471,3581,, 
101,5.91701,3667,, 
102,5.97931,3488,, 
103,6.04162,2937,, 
104,6.10394,2620,, 
105,6.16626,2371,, 
106,6.22859,2251,, 
107,6.29092,2146,, 
108,6.35326,2363,, 
109,6.41561,2522,, 
110,6.47796,2609,, 
111,6.54031,2673,, 
112,6.60268,2603,, 
113,6.66504,2377,, 
114,6.72742,2273,, 
115,6.78979,2042,, 
116,6.85218,1881,, 
117,6.91457,1819,, 
118,6.97697,1797,, 
119,7.03937,1738,, 
120,7.10177,1688,, 
121,7.16419,1751,, 
122,7.2266,1676,, 
123,7.28903,1695,, 
124,7.35146,1734,, 
125,7.41389,1718,, 
126,7.47634,1716,, 
127,7.53878,1710,, 
128,7.60123,1665,, 
129,7.66369,1694,, 
130,7.72616,1639,, 
131,7.78863,1702,, 
132,7.8511,1653,, 
133,7.91358,1613,, 
134,7.97607,1611,, 
135,8.03856,1630,, 
136,8.10106,1566,, 
137,8.16356,1625,, 
138,8.22607,1535,, 
139,8.28859,1563,, 
140,8.35111,1617,, 
141,8.41363,1534,, 
142,8.47616,1542,, 
143,8.5387,1555,, 
144,8.60124,1541,, 
145,8.66379,1588,, 
146,8.72635,1590,, 
147,8.78891,1587,, 
148,8.85147,1560,, 
149,8.91404,1591,, 
150,8.97662,1628,, 
151,9.0392,1476,, 
152,9.10179,1581,, 
153,9.16439,1553,, 
154,9.22699,1596,, 
155,9.28959,1584,, 
156,9.3522,1570,, 
157,9.41482,1567,, 
158,9.47744,1538,, 
159,9.54007,1501,, 
160,9.6027,1509,, 
161,9.66534,1515,, 
162,9.72799,1494,, 
163,9.79064,1509,, 
164,9.8533,1459,, 
165,9.91596,1441,, 
166,9.97863,1485,, 
167,10.0413,1490,, 
168,10.104,1452,, 
169,10.1667,1461,, 
170,10.2294,1489,, 
171,10.292,1482,, 
172,10.3548,1468,, 
173,10.4175,1422,, 
174,10.4802,1498,, 
175,10.5429,1463,, 
176,10.6056,1431,, 
177,10.6683,1500,, 
178,10.7311,1533,, 
179,10.7938,1421,, 
180,10.8566,1493,, 
181,10.9193,1495,, 
182,10.9821,1443,, 
183,11.0448,1425,, 
184,11.1076,1559,, 
185,11.1704,1451,, 
186,11.2332,1466,, 
187,11.296,1428,, 
188,11.3588,1440,, 
189,11.4215,1468,, 
190,11.4844,1432,, 
191,11.5472,1424,, 
192,11.61,1470,, 
193,11.6728,1473,, 
194,11.7356,1454,, 
195,11.7985,1440,, 
196,11.8613,1446,, 
197,11.9241,1441,, 
198,11.987,1440,, 
199,12.0498,1415,, 
200,12.1127,1419,, 
201,12.1756,1429,, 
202,12.2384,1465,, 
203,12.3013,1511,, 
204,12.3642,1468,, 
205,12.4271,1478,, 
206,12.49,1523,, 
207,12.5529,1436,, 
208,12.6158,1478,, 
209,12.6787,1570,, 
210,12.7416,1676,, 
211,12.8045,1780,, 
212,12.8675,1753,, 
213,12.9304,1893,, 
214,12.9933,1952,, 
215,13.0563,2123,, 
216,13.1192,2275,, 
217,13.1822,2439,, 
218,13.2452,2712,, 
219,13.3081,3182,, 
220,13.3711,4229,, 
221,13.4341,6277,, 
222,13.4971,9783,, 
223,13.5601,15040,, 
224,13.6231,20700,, 
225,13.6861,26310,, 
226,13.7491,29336,, 
227,13.8121,28047,, 
228,13.8751,24233,, 
229,13.9381,18145,, 
230,14.0011,11925,, 
231,14.0642,7230,, 
232,14.1272,4180,, 
233,14.1903,2403,, 
234,14.2533,1678,, 
235,14.3164,1324,, 
236,14.3795,1264,, 
237,14.4425,1217,, 
238,14.5056,1154,, 
239,14.5687,1206,, 
240,14.6318,1198,, 
241,14.6949,1311,, 
242,14.758,1193,, 
243,14.8211,1196,, 
244,14.8842,1215,, 
245,14.9473,1246,, 
246,15.0104,1197,, 
247,15.0735,1133,, 
248,15.1367,1183,, 
249,15.1998,1185,, 
250,15.2629,1201,, 
251,15.3261,1184,, 
252,15.3893,1236,, 
253,15.4524,1183,, 
254,15.5156,1068,, 
255,15.5788,1152,, 
256,15.6419,1132,, 
257,15.7051,1175,, 
258,15.7683,1236,, 
259,15.8315,1151,, 
260,15.8947,1223,, 
261,15.9579,1201,, 
262,16.0211,1123,, 
263,16.0843,1156,, 
264,16.1476,1194,, 
265,16.2108,1100,, 
266,16.274,1108,, 
267,16.3373,1112,, 
268,16.4005,1132,, 
269,16.4638,1157,, 
270,16.527,1117,, 
271,16.5903,1134,, 
272,16.6535,1103,, 
273,16.7168,1166,, 
274,16.7801,1148,, 
275,16.8434,1119,, 
276,16.9067,1121,, 
277,16.97,1133,, 
278,17.0333,1071,, 
279,17.0966,1092,, 
280,17.1599,1090,, 
281,17.2232,1146,, 
282,17.2865,1139,, 
283,17.3499,1157,, 
284,17.4132,1064,, 
285,17.4765,1111,, 
286,17.5399,1063,, 
287,17.6032,1076,, 
288,17.6666,1051,, 
289,17.73,1124,, 
290,17.7933,1068,, 
291,17.8567,1034,, 
292,17.9201,1124,, 
293,17.9835,1119,, 
294,18.0469,1062,, 
295,18.1103,1026,, 
296,18.1737,1118,, 
297,18.2371,1124,, 
298,18.3005,1061,, 
299,18.3639,1028,, 
300,18.4274,1107,, 
301,18.4908,1042,, 
302,18.5542,1088,, 
303,18.6177,1011,, 
304,18.6811,1085,, 
305,18.7446,1024,, 
306,18.808,1029,, 
307,18.8715,1104,, 
308,18.935,1077,, 
309,18.9985,1044,, 
310,19.0619,1069,, 
311,19.1254,1038,, 
312,19.1889,1061,, 
313,19.2524,1030,, 
314,19.3159,1093,, 
315,19.3794,1019,, 
316,19.443,1045,, 
317,19.5065,986,, 
318,19.57,1023,, 
319,19.6335,1006,, 
320,19.6971,1001,, 
321,19.7606,1051,, 
322,19.8242,1062,, 
323,19.8877,1072,, 
324,19.9513,1063,, 
325,20.0149,1072,, 
326,20.0785,994,, 
327,20.142,965,, 
328,20.2056,1029,, 
329,20.2692,1003,, 
330,20.3328,1011,, 
331,20.3964,1058,, 
332,20.46,1019,, 
333,20.5236,1010,, 
334,20.5873,996,, 
335,20.6509,1021,, 
336,20.7145,1053,, 
337,20.7781,968,, 
338,20.8418,994,, 
339,20.9054,1002,, 
340,20.9691,1062,, 
341,21.0327,1023,, 
342,21.0964,1024,, 
343,21.1601,983,, 
344,21.2238,1006,, 
345,21.2874,1024,, 
346,21.3511,1000,, 
347,21.4148,1047,, 
348,21.4785,949,, 
349,21.5422,1015,, 
350,21.6059,975,, 
351,21.6697,1013,, 
352,21.7334,987,, 
353,21.7971,1011,, 
354,21.8608,993,, 
355,21.9246,1024,, 
356,21.9883,1033,, 
357,22.0521,968,, 
358,22.1158,964,, 
359,22.1796,969,, 
360,22.2434,1003,, 
361,22.3071,963,, 
362,22.3709,988,, 
363,22.4347,980,, 
364,22.4985,1057,, 
365,22.5623,948,, 
366,22.6261,1014,, 
367,22.6899,980,, 
368,22.7537,997,, 
369,22.8175,1030,, 
370,22.8813,956,, 
371,22.9452,1009,, 
372,23.009,1005,, 
373,23.0728,1025,, 
374,23.1367,1048,, 
375,23.2005,1095,, 
376,23.2644,1135,, 
377,23.3283,1187,, 
378,23.3921,1181,, 
379,23.456,1265,, 
380,23.5199,1173,, 
381,23.5838,1163,, 
382,23.6477,1089,, 
383,23.7116,1049,, 
384,23.7755,997,, 
385,23.8394,974,, 
386,23.9033,969,, 
387,23.9672,974,, 
388,24.0311,944,, 
389,24.0951,944,, 
390,24.159,951,, 
391,24.2229,979,, 
392,24.2869,940,, 
393,24.3508,934,, 
394,24.4148,925,, 
395,24.4788,947,, 
396,24.5427,906,, 
397,24.6067,918,, 
398,24.6707,938,, 
399,24.7347,952,, 
400,24.7987,915,, 
401,24.8627,928,, 
402,24.9267,954,, 
403,24.9907,899,, 
404,25.0547,900,, 
405,25.1187,885,, 
406,25.1828,927,, 
407,25.2468,935,, 
408,25.3108,919,, 
409,25.3749,964,, 
410,25.4389,970,, 
411,25.503,964,, 
412,25.567,902,, 
413,25.6311,958,, 
414,25.6952,974,, 
415,25.7593,945,, 
416,25.8234,893,, 
417,25.8874,920,, 
418,25.9515,956,, 
419,26.0156,916,, 
420,26.0797,906,, 
421,26.1439,1001,, 
422,26.208,921,, 
423,26.2721,963,, 
424,26.3362,977,, 
425,26.4004,962,, 
426,26.4645,958,, 
427,26.5287,1043,, 
428,26.5928,992,, 
429,26.657,1007,, 
430,26.7211,989,, 
431,26.7853,986,, 
432,26.8495,971,, 
433,26.9137,949,, 
434,26.9778,917,, 
435,27.042,965,, 
436,27.1062,947,, 
437,27.1704,950,, 
438,27.2346,918,, 
439,27.2989,1006,, 
440,27.3631,927,, 
441,27.4273,929,, 
442,27.4915,931,, 
443,27.5558,931,, 
444,27.62,958,, 
445,27.6843,934,, 
446,27.7485,958,, 
447,27.8128,957,, 
448,27.877,951,, 
449,27.9413,988,, 
450,28.0056,934,, 
451,28.0699,973,, 
452,28.1342,938,, 
453,28.1985,912,, 
454,28.2628,941,, 
455,28.3271,913,, 
456,28.3914,927,, 
457,28.4557,944,, 
458,28.52,915,, 
459,28.5843,907,, 
460,28.6487,985,, 
461,28.713,964,, 
462,28.7774,943,, 
463,28.8417,946,, 
464,28.9061,975,, 
465,28.9704,942,, 
466,29.0348,969,, 
467,29.0992,946,, 
468,29.1635,959,, 
469,29.2279,945,, 
470,29.2923,967,, 
471,29.3567,1000,, 
472,29.4211,988,, 
473,29.4855,928,, 
474,29.5499,937,, 
475,29.6144,935,, 
476,29.6788,936,, 
477,29.7432,970,, 
478,29.8076,957,, 
479,29.8721,899,, 
480,29.9365,958,, 
481,30.001,964,, 
482,30.0654,921,, 
483,30.1299,952,, 
484,30.1944,997,, 
485,30.2589,988,, 
486,30.3233,983,, 
487,30.3878,934,, 
488,30.4523,914,, 
489,30.5168,988,, 
490,30.5813,985,, 
491,30.6458,988,, 
492,30.7103,916,, 
493,30.7749,955,, 
494,30.8394,916,, 
495,30.9039,977,, 
496,30.9685,980,, 
497,31.033,932,, 
498,31.0976,914,, 
499,31.1621,968,, 
500,31.2267,962,, 
501,31.2912,952,, 
502,31.3558,926,, 
503,31.4204,997,, 
504,31.485,967,, 
505,31.5496,971,, 
506,31.6141,973,, 
507,31.6787,977,, 
508,31.7434,974,, 
509,31.808,1002,, 
510,31.8726,976,, 
511,31.9372,991,, 
512,32.0018,978,, 
513,32.0665,973,, 
514,32.1311,964,, 
515,32.1958,1028,, 
516,32.2604,960,, 
517,32.3251,914,, 
518,32.3897,985,, 
519,32.4544,972,, 
520,32.5191,959,, 
521,32.5837,1022,, 
522,32.6484,950,, 
523,32.7131,986,, 
524,32.7778,985,, 
525,32.8425,959,, 
526,32.9072,1025,, 
527,32.9719,993,, 
528,33.0367,967,, 
529,33.1014,1044,, 
530,33.1661,965,, 
531,33.2308,950,, 
532,33.2956,1022,, 
533,33.3603,960,, 
534,33.4251,996,, 
535,33.4898,1009,, 
536,33.5546,1014,, 
537,33.6194,943,, 
538,33.6842,988,, 
539,33.7489,997,, 
540,33.8137,971,, 
541,33.8785,1015,, 
542,33.9433,985,, 
543,34.0081,1003,, 
544,34.0729,923,, 
545,34.1377,1009,, 
546,34.2026,963,, 
547,34.2674,979,, 
548,34.3322,998,, 
549,34.3971,959,, 
550,34.4619,964,, 
551,34.5268,998,, 
552,34.5916,1048,, 
553,34.6565,973,, 
554,34.7213,952,, 
555,34.7862,972,, 
556,34.8511,980,, 
557,34.916,996,, 
558,34.9809,940,, 
559,35.0458,991,, 
560,35.1107,999,, 
561,35.1756,957,, 
562,35.2405,1042,, 
563,35.3054,972,, 
564,35.3703,1004,, 
565,35.4352,939,, 
566,35.5002,995,, 
567,35.5651,1028,, 
568,35.6301,963,, 
569,35.695,897,, 
570,35.76,956,, 
571,35.8249,941,, 
572,35.8899,968,, 
573,35.9549,934,, 
574,36.0199,959,, 
575,36.0848,988,, 
576,36.1498,962,, 
577,36.2148,921,, 
578,36.2798,990,, 
579,36.3448,958,, 
580,36.4099,929,, 
581,36.4749,932,, 
582,36.5399,917,, 
583,36.6049,991,, 
584,36.67,976,, 
585,36.735,941,, 
586,36.8001,912,, 
587,36.8651,951,, 
588,36.9302,923,, 
589,36.9952,934,, 
590,37.0603,959,, 
591,37.1254,918,, 
592,37.1905,930,, 
593,37.2555,904,, 
594,37.3206,918,, 
595,37.3857,945,, 
596,37.4508,926,, 
597,37.516,887,, 
598,37.5811,902,, 
599,37.6462,895,, 
600,37.7113,897,, 
601,37.7765,867,, 
602,37.8416,835,, 
603,37.9067,858,, 
604,37.9719,910,, 
605,38.037,873,, 
606,38.1022,878,, 
607,38.1674,912,, 
608,38.2325,876,, 
609,38.2977,839,, 
610,38.3629,887,, 
611,38.4281,794,, 
612,38.4933,858,, 
613,38.5585,772,, 
614,38.6237,815,, 
615,38.6889,750,, 
616,38.7541,803,, 
617,38.8193,760,, 
618,38.8846,754,, 
619,38.9498,786,, 
620,39.015,742,, 
621,39.0803,761,, 
622,39.1455,712,, 
623,39.2108,728,, 
624,39.2761,664,, 
625,39.3413,743,, 
626,39.4066,700,, 
627,39.4719,715,, 
628,39.5372,673,, 
629,39.6025,678,, 
630,39.6678,593,, 
631,39.7331,617,, 
632,39.7984,636,, 
633,39.8637,633,, 
634,39.929,641,, 
635,39.9943,642,, 
636,40.0597,601,, 
637,40.125,611,, 
638,40.1903,607,, 
639,40.2557,612,, 
640,40.321,626,, 
641,40.3864,611,, 
642,40.4518,586,, 
643,40.5171,551,, 
644,40.5825,528,, 
645,40.6479,611,, 
646,40.7133,602,, 
647,40.7787,577,, 
648,40.8441,569,, 
649,40.9095,532,, 
650,40.9749,539,, 
651,41.0403,500,, 
652,41.1057,553,, 
653,41.1712,576,, 
654,41.2366,543,, 
655,41.302,535,, 
656,41.3675,524,, 
657,41.4329,557,, 
658,41.4984,523,, 
659,41.5638,488,, 
660,41.6293,560,, 
661,41.6948,571,, 
662,41.7603,560,, 
663,41.8257,489,, 
664,41.8912,501,, 
665,41.9567,536,, 
666,42.0222,501,, 
667,42.0877,463,, 
668,42.1532,473,, 
669,42.2188,485,, 
670,42.2843,478,, 
671,42.3498,466,, 
672,42.4154,438,, 
673,42.4809,455,, 
674,42.5464,456,, 
675,42.612,506,, 
676,42.6776,458,, 
677,42.7431,445,, 
678,42.8087,490,, 
679,42.8743,450,, 
680,42.9398,444,, 
681,43.0054,441,, 
682,43.071,459,, 
683,43.1366,480,, 
684,43.2022,459,, 
685,43.2678,423,, 
686,43.3334,472,, 
687,43.3991,421,, 
688,43.4647,425,, 
689,43.5303,441,, 
690,43.596,439,, 
691,43.6616,452,, 
692,43.7272,470,, 
693,43.7929,432,, 
694,43.8586,431,, 
695,43.9242,419,, 
696,43.9899,437,, 
697,44.0556,425,, 
698,44.1213,449,, 
699,44.1869,392,, 
700,44.2526,420,, 
701,44.3183,443,, 
702,44.384,456,, 
703,44.4497,415,, 
704,44.5155,417,, 
705,44.5812,444,, 
706,44.6469,454,, 
707,44.7126,440,, 
708,44.7784,400,, 
709,44.8441,396,, 
710,44.9099,430,, 
711,44.9756,410,, 
712,45.0414,427,, 
713,45.1072,399,, 
714,45.1729,373,, 
715,45.2387,448,, 
716,45.3045,373,, 
717,45.3703,425,, 
718,45.4361,386,, 
719,45.5019,428,, 
720,45.5677,408,, 
721,45.6335,392,, 
722,45.6993,368,, 
723,45.7652,375,, 
724,45.831,405,, 
725,45.8968,382,, 
726,45.9627,374,, 
727,46.0285,389,, 
728,46.0944,385,, 
729,46.1602,366,, 
730,46.2261,393,, 
731,46.2919,397,, 
732,46.3578,391,, 
733,46.4237,349,, 
734,46.4896,364,, 
735,46.5555,403,, 
736,46.6214,384,, 
737,46.6873,373,, 
738,46.7532,382,, 
739,46.8191,373,, 
740,46.885,373,, 
741,46.951,382,, 
742,47.0169,381,, 
743,47.0828,350,, 
744,47.1488,346,, 
745,47.2147,356,, 
746,47.2807,359,, 
747,47.3466,370,, 
748,47.4126,371,, 
749,47.4786,380,, 
750,47.5445,322,, 
751,47.6105,354,, 
752,47.6765,341,, 
753,47.7425,341,, 
754,47.8085,365,, 
755,47.8745,368,, 
756,47.9405,346,, 
757,48.0065,352,, 
758,48.0726,358,, 
759,48.1386,307,, 
760,48.2046,354,, 
761,48.2707,368,, 
762,48.3367,330,, 
763,48.4028,344,, 
764,48.4688,384,, 
765,48.5349,313,, 
766,48.6009,348,, 
767,48.667,390,, 
768,48.7331,358,, 
769,48.7992,331,, 
770,48.8653,328,, 
771,48.9314,328,, 
772,48.9975,339,, 
773,49.0636,338,, 
774,49.1297,325,, 
775,49.1958,339,, 
776,49.2619,331,, 
777,49.3281,320,, 
778,49.3942,353,, 
779,49.4603,341,, 
780,49.5265,353,, 
781,49.5926,312,, 
782,49.6588,373,, 
783,49.725,325,, 
784,49.7911,306,, 
785,49.8573,300,, 
786,49.9235,322,, 
787,49.9897,333,, 
788,50.0559,310,, 
789,50.1221,292,, 
790,50.1883,327,, 
791,50.2545,335,, 
792,50.3207,328,, 
793,50.3869,312,, 
794,50.4531,334,, 
795,50.5194,332,, 
796,50.5856,330,, 
797,50.6519,319,, 
798,50.7181,320,, 
799,50.7844,303,, 
800,50.8506,336,, 
801,50.9169,332,, 
802,50.9832,358,, 
803,51.0494,333,, 
804,51.1157,340,, 
805,51.182,327,, 
806,51.2483,332,, 
807,51.3146,328,, 
808,51.3809,339,, 
809,51.4472,324,, 
810,51.5135,323,, 
811,51.5799,286,, 
812,51.6462,320,, 
813,51.7125,330,, 
814,51.7789,298,, 
815,51.8452,343,, 
816,51.9115,333,, 
817,51.9779,326,, 
818,52.0443,317,, 
819,52.1106,301,, 
820,52.177,305,, 
821,52.2434,327,, 
822,52.3098,324,, 
823,52.3762,331,, 
824,52.4426,339,, 
825,52.509,317,, 
826,52.5754,297,, 
827,52.6418,343,, 
828,52.7082,308,, 
829,52.7746,278,, 
830,52.8411,339,, 
831,52.9075,311,, 
832,52.9739,321,, 
833,53.0404,339,, 
834,53.1068,298,, 
835,53.1733,300,, 
836,53.2398,325,, 
837,53.3062,336,, 
838,53.3727,308,, 
839,53.4392,341,, 
840,53.5057,323,, 
841,53.5722,310,, 
842,53.6387,311,, 
843,53.7052,312,, 
844,53.7717,311,, 
845,53.8382,312,, 
846,53.9047,320,, 
847,53.9712,349,, 
848,54.0378,326,, 
849,54.1043,307,, 
850,54.1709,307,, 
851,54.2374,336,, 
852,54.304,316,, 
853,54.3705,317,, 
854,54.4371,329,, 
855,54.5037,319,, 
856,54.5702,336,, 
857,54.6368,298,, 
858,54.7034,351,, 
859,54.77,335,, 
860,54.8366,312,, 
861,54.9032,316,, 
862,54.9698,317,, 
863,55.0364,299,, 
864,55.1031,330,, 
865,55.1697,300,, 
866,55.2363,334,, 
867,55.303,355,, 
868,55.3696,291,, 
869,55.4363,311,, 
870,55.5029,316,, 
871,55.5696,318,, 
872,55.6362,329,, 
873,55.7029,316,, 
874,55.7696,311,, 
875,55.8363,335,, 
876,55.903,314,, 
877,55.9697,318,, 
878,56.0364,330,, 
879,56.1031,308,, 
880,56.1698,318,, 
881,56.2365,350,, 
882,56.3032,322,, 
883,56.37,339,, 
884,56.4367,327,, 
885,56.5035,324,, 
886,56.5702,320,, 
887,56.637,363,, 
888,56.7037,359,, 
889,56.7705,361,, 
890,56.8372,330,, 
891,56.904,339,, 
892,56.9708,318,, 
893,57.0376,328,, 
894,57.1044,316,, 
895,57.1712,325,, 
896,57.238,366,, 
897,57.3048,362,, 
898,57.3716,343,, 
899,57.4384,343,, 
900,57.5053,372,, 
901,57.5721,368,, 
902,57.6389,351,, 
903,57.7058,338,, 
904,57.7726,357,, 
905,57.8395,348,, 
906,57.9063,349,, 
907,57.9732,385,, 
908,58.0401,358,, 
909,58.107,359,, 
910,58.1738,340,, 
911,58.2407,355,, 
912,58.3076,336,, 
913,58.3745,376,, 
914,58.4414,370,, 
915,58.5083,380,, 
916,58.5753,342,, 
917,58.6422,367,, 
918,58.7091,346,, 
919,58.776,357,, 
920,58.843,397,, 
921,58.9099,367,, 
922,58.9769,343,, 
923,59.0438,327,, 
924,59.1108,323,, 
925,59.1778,371,, 
926,59.2447,342,, 
927,59.3117,340,, 
928,59.3787,368,, 
929,59.4457,395,, 
930,59.5127,349,, 
931,59.5797,360,, 
932,59.6467,342,, 
933,59.7137,389,, 
934,59.7807,365,, 
935,59.8478,345,, 
936,59.9148,335,, 
937,59.9818,362,, 
938,60.0489,347,, 
939,60.1159,352,, 
940,60.183,353,, 
941,60.25,361,, 
942,60.3171,364,, 
943,60.3842,393,, 
944,60.4513,389,, 
945,60.5183,312,, 
946,60.5854,352,, 
947,60.6525,367,, 
948,60.7196,364,, 
949,60.7867,360,, 
950,60.8538,382,, 
951,60.9209,366,, 
952,60.9881,343,, 
953,61.0552,347,, 
954,61.1223,374,, 
955,61.1895,346,, 
956,61.2566,354,, 
957,61.3238,402,, 
958,61.3909,379,, 
959,61.4581,388,, 
960,61.5252,372,, 
961,61.5924,385,, 
962,61.6596,369,, 
963,61.7268,368,, 
964,61.794,361,, 
965,61.8612,413,, 
966,61.9284,376,, 
967,61.9956,349,, 
968,62.0628,378,, 
969,62.13,380,, 
970,62.1972,357,, 
971,62.2645,403,, 
972,62.3317,409,, 
973,62.3989,422,, 
974,62.4662,351,, 
975,62.5334,392,, 
976,62.6007,406,, 
977,62.6679,379,, 
978,62.7352,407,, 
979,62.8025,364,, 
980,62.8698,372,, 
981,62.9371,422,, 
982,63.0044,404,, 
983,63.0716,403,, 
984,63.139,405,, 
985,63.2063,397,, 
986,63.2736,428,, 
987,63.3409,399,, 
988,63.4082,429,, 
989,63.4756,415,, 
990,63.5429,401,, 
991,63.6102,398,, 
992,63.6776,447,, 
993,63.7449,434,, 
994,63.8123,404,, 
995,63.8797,402,, 
996,63.947,400,, 
997,64.0144,416,, 
998,64.0818,417,, 
999,64.1492,392,, 
1000,64.2166,402,, 
1001,64.284,423,, 
1002,64.3514,430,, 
1003,64.4188,468,, 
1004,64.4862,455,, 
1005,64.5536,447,, 
1006,64.621,422,, 
1007,64.6885,460,, 
1008,64.7559,482,, 
1009,64.8234,451,, 
1010,64.8908,451,, 
1011,64.9583,434,, 
1012,65.0257,487,, 
1013,65.0932,423,, 
1014,65.1607,436,, 
1015,65.2282,439,, 
1016,65.2956,458,, 
1017,65.3631,447,, 
1018,65.4306,452,, 
1019,65.4981,499,, 
1020,65.5656,501,, 
1021,65.6331,470,, 
1022,65.7007,473,, 
1023,65.7682,484,, 
1024,65.8357,477,, 
1025,65.9032,454,, 
1026,65.9708,504,, 
1027,66.0383,469,, 
1028,66.1059,489,, 
1029,66.1734,481,, 
1030,66.241,437,, 
1031,66.3086,487,, 
1032,66.3762,480,, 
1033,66.4437,487,, 
1034,66.5113,497,, 
1035,66.5789,504,, 
1036,66.6465,468,, 
1037,66.7141,482,, 
1038,66.7817,482,, 
1039,66.8493,513,, 
1040,66.917,442,, 
1041,66.9846,485,, 
1042,67.0522,544,, 
1043,67.1199,470,, 
1044,67.1875,531,, 
1045,67.2551,506,, 
1046,67.3228,520,, 
1047,67.3905,541,, 
1048,67.4581,537,, 
1049,67.5258,503,, 
1050,67.5935,508,, 
1051,67.6612,528,, 
1052,67.7288,530,, 
1053,67.7965,563,, 
1054,67.8642,542,, 
1055,67.9319,512,, 
1056,67.9997,496,, 
1057,68.0674,521,, 
1058,68.1351,517,, 
1059,68.2028,559,, 
1060,68.2706,550,, 
1061,68.3383,487,, 
1062,68.406,541,, 
1063,68.4738,530,, 
1064,68.5415,582,, 
1065,68.6093,551,, 
1066,68.6771,549,, 
1067,68.7448,535,, 
1068,68.8126,505,, 
1069,68.8804,606,, 
1070,68.9482,561,, 
1071,69.016,555,, 
1072,69.0838,556,, 
1073,69.1516,539,, 
1074,69.2194,586,, 
1075,69.2872,585,, 
1076,69.3551,572,, 
1077,69.4229,558,, 
1078,69.4907,501,, 
1079,69.5586,575,, 
1080,69.6264,613,, 
1081,69.6943,607,, 
1082,69.7621,558,, 
1083,69.83,553,, 
1084,69.8979,572,, 
1085,69.9657,611,, 
1086,70.0336,543,, 
1087,70.1015,557,, 
1088,70.1694,581,, 
1089,70.2373,601,, 
1090,70.3052,551,, 
1091,70.3731,572,, 
1092,70.441,621,, 
1093,70.5089,563,, 
1094,70.5769,586,, 
1095,70.6448,617,, 
1096,70.7127,595,, 
1097,70.7807,538,, 
1098,70.8486,583,, 
1099,70.9166,588,, 
1100,70.9845,588,, 
1101,71.0525,624,, 
1102,71.1205,628,, 
1103,71.1885,598,, 
1104,71.2564,561,, 
1105,71.3244,634,, 
1106,71.3924,607,, 
1107,71.4604,594,, 
1108,71.5284,590,, 
1109,71.5964,574,, 
1110,71.6645,618,, 
1111,71.7325,564,, 
1112,71.8005,620,, 
1113,71.8685,655,, 
1114,71.9366,567,, 
1115,72.0046,648,, 
1116,72.0727,627,, 
1117,72.1407,650,, 
1118,72.2088,581,, 
1119,72.2769,606,, 
1120,72.3449,615,, 
1121,72.413,616,, 
1122,72.4811,557,, 
1123,72.5492,554,, 
1124,72.6173,623,, 
1125,72.6854,625,, 
1126,72.7535,635,, 
1127,72.8216,658,, 
1128,72.8897,643,, 
1129,72.9579,635,, 
1130,73.026,614,, 
1131,73.0941,652,, 
1132,73.1623,640,, 
1133,73.2304,660,, 
1134,73.2986,668,, 
1135,73.3667,662,, 
1136,73.4349,586,, 
1137,73.5031,641,, 
1138,73.5712,617,, 
1139,73.6394,645,, 
1140,73.7076,619,, 
1141,73.7758,621,, 
1142,73.844,642,, 
1143,73.9122,623,, 
1144,73.9804,604,, 
1145,74.0486,662,, 
1146,74.1168,624,, 
1147,74.1851,626,, 
1148,74.2533,661,, 
1149,74.3215,660,, 
1150,74.3898,640,, 
1151,74.458,649,, 
1152,74.5263,649,, 
1153,74.5945,644,, 
1154,74.6628,657,, 
1155,74.7311,659,, 
1156,74.7994,664,, 
1157,74.8676,661,, 
1158,74.9359,679,, 
1159,75.0042,718,, 
1160,75.0725,696,, 
1161,75.1408,666,, 
1162,75.2091,686,, 
1163,75.2775,673,, 
1164,75.3458,671,, 
1165,75.4141,640,, 
1166,75.4824,655,, 
1167,75.5508,662,, 
1168,75.6191,640,, 
1169,75.6875,654,, 
1170,75.7558,715,, 
1171,75.8242,650,, 
1172,75.8926,722,, 
1173,75.9609,682,, 
1174,76.0293,619,, 
1175,76.0977,683,, 
1176,76.1661,689,, 
1177,76.2345,691,, 
1178,76.3029,651,, 
1179,76.3713,645,, 
1180,76.4397,680,, 
1181,76.5081,699,, 
1182,76.5766,671,, 
1183,76.645,673,, 
1184,76.7134,668,, 
1185,76.7819,675,, 
1186,76.8503,649,, 
1187,76.9188,702,, 
1188,76.9872,730,, 
1189,77.0557,715,, 
1190,77.1242,705,, 
1191,77.1926,742,, 
1192,77.2611,697,, 
1193,77.3296,684,, 
1194,77.3981,737,, 
1195,77.4666,717,, 
1196,77.5351,681,, 
1197,77.6036,727,, 
1198,77.6721,701,, 
1199,77.7407,653,, 
1200,77.8092,703,, 
1201,77.8777,735,, 
1202,77.9463,682,, 
1203,78.0148,713,, 
1204,78.0833,711,, 
1205,78.1519,746,, 
1206,78.2205,707,, 
1207,78.289,731,, 
1208,78.3576,697,, 
1209,78.4262,741,, 
1210,78.4948,708,, 
1211,78.5634,694,, 
1212,78.6319,712,, 
1213,78.7005,741,, 
1214,78.7692,708,, 
1215,78.8378,699,, 
1216,78.9064,747,, 
1217,78.975,739,, 
1218,79.0436,708,, 
1219,79.1123,704,, 
1220,79.1809,709,, 
1221,79.2496,706,, 
1222,79.3182,758,, 
1223,79.3869,734,, 
1224,79.4555,770,, 
1225,79.5242,698,, 
1226,79.5929,732,, 
1227,79.6615,776,, 
1228,79.7302,791,, 
1229,79.7989,825,, 
1230,79.8676,780,, 
1231,79.9363,787,, 
1232,80.005,785,, 
1233,80.0737,797,, 
1234,80.1425,771,, 
1235,80.2112,762,, 
1236,80.2799,766,, 
1237,80.3487,816,, 
1238,80.4174,800,, 
1239,80.4861,837,, 
1240,80.5549,823,, 
1241,80.6237,770,, 
1242,80.6924,836,, 
1243,80.7612,863,, 
1244,80.83,802,, 
1245,80.8988,838,, 
1246,80.9675,875,, 
1247,81.0363,790,, 
1248,81.1051,861,, 
1249,81.1739,857,, 
1250,81.2427,872,, 
1251,81.3116,854,, 
1252,81.3804,914,, 
1253,81.4492,937,, 
1254,81.518,953,, 
1255,81.5869,918,, 
1256,81.6557,960,, 
1257,81.7246,928,, 
1258,81.7934,925,, 
1259,81.8623,980,, 
1260,81.9312,955,, 
1261,82,1032,, 
1262,82.0689,977,, 
1263,82.1378,1017,, 
1264,82.2067,1053,, 
1265,82.2756,1061,, 
1266,82.3445,1112,, 
1267,82.4134,1117,, 
1268,82.4823,1137,, 
1269,82.5512,1163,, 
1270,82.6201,1212,, 
1271,82.6891,1227,, 
1272,82.758,1224,, 
1273,82.8269,1236,, 
1274,82.8959,1293,, 
1275,82.9648,1272,, 
1276,83.0338,1348,, 
1277,83.1028,1406,, 
1278,83.1717,1467,, 
1279,83.2407,1320,, 
1280,83.3097,1337,, 
1281,83.3787,1450,, 
1282,83.4477,1480,, 
1283,83.5167,1439,, 
1284,83.5857,1432,, 
1285,83.6547,1466,, 
1286,83.7237,1550,, 
1287,83.7927,1569,, 
1288,83.8617,1537,, 
1289,83.9308,1566,, 
1290,83.9998,1663,, 
1291,84.0688,1504,, 
1292,84.1379,1511,, 
1293,84.2069,1638,, 
1294,84.276,1645,, 
1295,84.3451,1633,, 
1296,84.4141,1597,, 
1297,84.4832,1652,, 
1298,84.5523,1669,, 
1299,84.6214,1642,, 
1300,84.6905,1637,, 
1301,84.7596,1680,, 
1302,84.8287,1754,, 
1303,84.8978,1728,, 
1304,84.9669,1690,, 
1305,85.036,1855,, 
1306,85.1052,1824,, 
1307,85.1743,1778,, 
1308,85.2434,1797,, 
1309,85.3126,1808,, 
1310,85.3817,1740,, 
1311,85.4509,1809,, 
1312,85.52,1834,, 
1313,85.5892,1880,, 
1314,85.6584,1878,, 
1315,85.7276,1834,, 
1316,85.7968,1819,, 
1317,85.8659,1890,, 
1318,85.9351,1863,, 
1319,86.0043,1937,, 
1320,86.0735,1879,, 
1321,86.1428,1965,, 
1322,86.212,1983,, 
1323,86.2812,1904,, 
1324,86.3504,1964,, 
1325,86.4197,1937,, 
1326,86.4889,2034,, 
1327,86.5582,2059,, 
1328,86.6274,2061,, 
1329,86.6967,2058,, 
1330,86.7659,1998,, 
1331,86.8352,2126,, 
1332,86.9045,1929,, 
1333,86.9737,2076,, 
1334,87.043,2053,, 
1335,87.1123,2071,, 
1336,87.1816,2127,, 
1337,87.2509,2118,, 
1338,87.3202,2119,, 
1339,87.3896,2145,, 
1340,87.4589,2066,, 
1341,87.5282,2174,, 
1342,87.5975,2003,, 
1343,87.6669,2120,, 
1344,87.7362,2146,, 
1345,87.8056,2245,, 
1346,87.8749,2092,, 
1347,87.9443,2126,, 
1348,88.0136,2085,, 
1349,88.083,2119,, 
1350,88.1524,2125,, 
1351,88.2218,2184,, 
1352,88.2912,2090,, 
1353,88.3605,2161,, 
1354,88.4299,2102,, 
1355,88.4994,2247,, 
1356,88.5688,2140,, 
1357,88.6382,2080,, 
1358,88.7076,2133,, 
1359,88.777,2149,, 
1360,88.8465,2148,, 
1361,88.9159,2165,, 
1362,88.9853,2188,, 
1363,89.0548,2145,, 
1364,89.1243,2131,, 
1365,89.1937,2074,, 
1366,89.2632,2177,, 
1367,89.3327,2039,, 
1368,89.4021,2206,, 
1369,89.4716,2232,, 
1370,89.5411,2155,, 
1371,89.6106,2138,, 
1372,89.6801,2168,, 
1373,89.7496,2221,, 
1374,89.8191,2129,, 
1375,89.8886,2210,, 
1376,89.9582,2086,, 
1377,90.0277,2102,, 
1378,90.0972,2229,, 
1379,90.1668,2133,, 
1380,90.2363,2212,, 
1381,90.3059,2197,, 
1382,90.3754,2168,, 
1383,90.445,2176,, 
1384,90.5146,2176,, 
1385,90.5841,2103,, 
1386,90.6537,2221,, 
1387,90.7233,2022,, 
1388,90.7929,2156,, 
1389,90.8625,2192,, 
1390,90.9321,2150,, 
1391,91.0017,2222,, 
1392,91.0713,2145,, 
1393,91.1409,2205,, 
1394,91.2106,2079,, 
1395,91.2802,2166,, 
1396,91.3498,2125,, 
1397,91.4195,2168,, 
1398,91.4891,2165,, 
1399,91.5588,2028,, 
1400,91.6285,2099,, 
1401,91.6981,2106,, 
1402,91.7678,2071,, 
1403,91.8375,2069,, 
1404,91.9071,2043,, 
1405,91.9768,1994,, 
1406,92.0465,2081,, 
1407,92.1162,2037,, 
1408,92.1859,1991,, 
1409,92.2556,2071,, 
1410,92.3254,2077,, 
1411,92.3951,2040,, 
1412,92.4648,2051,, 
1413,92.5345,2023,, 
1414,92.6043,2033,, 
1415,92.674,1984,, 
1416,92.7438,2024,, 
1417,92.8135,2016,, 
1418,92.8833,1928,, 
1419,92.9531,2014,, 
1420,93.0228,2015,, 
1421,93.0926,1979,, 
1422,93.1624,1984,, 
1423,93.2322,1983,, 
1424,93.302,1935,, 
1425,93.3718,1953,, 
1426,93.4416,2014,, 
1427,93.5114,1970,, 
1428,93.5812,1957,, 
1429,93.6511,1844,, 
1430,93.7209,1917,, 
1431,93.7907,1945,, 
1432,93.8606,1863,, 
1433,93.9304,1892,, 
1434,94.0003,1868,, 
1435,94.0701,1834,, 
1436,94.14,1888,, 
1437,94.2099,1869,, 
1438,94.2797,1814,, 
1439,94.3496,1741,, 
1440,94.4195,1825,, 
1441,94.4894,1855,, 
1442,94.5593,1832,, 
1443,94.6292,1813,, 
1444,94.6991,1849,, 
1445,94.769,1816,, 
1446,94.8389,1795,, 
1447,94.9089,1789,, 
1448,94.9788,1704,, 
1449,95.0487,1778,, 
1450,95.1187,1729,, 
1451,95.1886,1708,, 
1452,95.2586,1700,, 
1453,95.3285,1697,, 
1454,95.3985,1710,, 
1455,95.4685,1723,, 
1456,95.5385,1721,, 
1457,95.6084,1650,, 
1458,95.6784,1674,, 
1459,95.7484,1691,, 
1460,95.8184,1668,, 
1461,95.8884,1618,, 
1462,95.9584,1673,, 
1463,96.0285,1617,, 
1464,96.0985,1582,, 
1465,96.1685,1633,, 
1466,96.2386,1627,, 
1467,96.3086,1626,, 
1468,96.3786,1576,, 
1469,96.4487,1614,, 
1470,96.5187,1597,, 
1471,96.5888,1637,, 
1472,96.6589,1605,, 
1473,96.7289,1462,, 
1474,96.799,1539,, 
1475,96.8691,1592,, 
1476,96.9392,1617,, 
1477,97.0093,1531,, 
1478,97.0794,1554,, 
1479,97.1495,1494,, 
1480,97.2196,1521,, 
1481,97.2897,1512,, 
1482,97.3599,1338,, 
1483,97.43,1504,, 
1484,97.5001,1514,, 
1485,97.5703,1487,, 
1486,97.6404,1509,, 
1487,97.7106,1411,, 
1488,97.7807,1434,, 
1489,97.8509,1476,, 
1490,97.9211,1467,, 
1491,97.9912,1451,, 
1492,98.0614,1503,, 
1493,98.1316,1458,, 
1494,98.2018,1463,, 
1495,98.272,1387,, 
1496,98.3422,1464,, 
1497,98.4124,1431,, 
1498,98.4826,1449,, 
1499,98.5529,1400,, 
1500,98.6231,1314,, 
1501,98.6933,1406,, 
1502,98.7636,1386,, 
1503,98.8338,1314,, 
1504,98.904,1353,, 
1505,98.9743,1313,, 
1506,99.0446,1392,, 
1507,99.1148,1367,, 
1508,99.1851,1332,, 
1509,99.2554,1311,, 
1510,99.3257,1339,, 
1511,99.396,1367,, 
1512,99.4662,1323,, 
1513,99.5365,1320,, 
1514,99.6069,1278,, 
1515,99.6772,1290,, 
1516,99.7475,1347,, 
1517,99.8178,1285,, 
1518,99.8881,1219,, 
1519,99.9585,1225,, 
1520,100.029,1313,, 
1521,100.099,1343,, 
1522,100.17,1227,, 
1523,100.24,1242,, 
1524,100.31,1216,, 
1525,100.381,1263,, 
1526,100.451,1167,, 
1527,100.521,1209,, 
1528,100.592,1222,, 
1529,100.662,1215,, 
1530,100.733,1167,, 
1531,100.803,1173,, 
1532,100.873,1154,, 
1533,100.944,1302,, 
1534,101.014,1180,, 
1535,101.085,1242,, 
1536,101.155,1250,, 
1537,101.225,1185,, 
1538,101.296,1139,, 
1539,101.366,1177,, 
1540,101.437,1154,, 
1541,101.507,1156,, 
1542,101.578,1142,, 
1543,101.648,1209,, 
1544,101.719,1169,, 
1545,101.789,1146,, 
1546,101.86,1139,, 
1547,101.93,1057,, 
1548,102.001,1184,, 
1549,102.071,1112,, 
1550,102.142,1137,, 
1551,102.212,1115,, 
1552,102.283,1155,, 
1553,102.353,1062,, 
1554,102.424,1167,, 
1555,102.494,1133,, 
1556,102.565,1043,, 
1557,102.635,1137,, 
1558,102.706,1081,, 
1559,102.776,1063,, 
1560,102.847,1118,, 
1561,102.918,1174,, 
1562,102.988,1080,, 
1563,103.059,1077,, 
1564,103.129,1101,, 
1565,103.2,1050,, 
1566,103.271,1078,, 
1567,103.341,1074,, 
1568,103.412,1043,, 
1569,103.482,1086,, 
1570,103.553,1077,, 
1571,103.624,1044,, 
1572,103.694,990,, 
1573,103.765,990,, 
1574,103.836,1073,, 
1575,103.906,1056,, 
1576,103.977,1027,, 
1577,104.048,1056,, 
1578,104.118,1039,, 
1579,104.189,1002,, 
1580,104.26,966,, 
1581,104.33,1018,, 
1582,104.401,1051,, 
1583,104.472,986,, 
1584,104.542,1019,, 
1585,104.613,1013,, 
1586,104.684,1033,, 
1587,104.755,967,, 
1588,104.825,1004,, 
1589,104.896,1000,, 
1590,104.967,1045,, 
1591,105.037,986,, 
1592,105.108,1009,, 
1593,105.179,948,, 
1594,105.25,975,, 
1595,105.32,1032,, 
1596,105.391,1031,, 
1597,105.462,933,, 
1598,105.533,1019,, 
1599,105.604,961,, 
1600,105.674,964,, 
1601,105.745,914,, 
1602,105.816,935,, 
1603,105.887,986,, 
1604,105.958,886,, 
1605,106.028,987,, 
1606,106.099,957,, 
1607,106.17,958,, 
1608,106.241,927,, 
1609,106.312,921,, 
1610,106.383,906,, 
1611,106.453,947,, 
1612,106.524,880,, 
1613,106.595,922,, 
1614,106.666,898,, 
1615,106.737,922,, 
1616,106.808,941,, 
1617,106.879,915,, 
1618,106.95,883,, 
1619,107.021,958,, 
1620,107.091,910,, 
1621,107.162,969,, 
1622,107.233,930,, 
1623,107.304,934,, 
1624,107.375,996,, 
1625,107.446,969,, 
1626,107.517,910,, 
1627,107.588,914,, 
1628,107.659,898,, 
1629,107.73,894,, 
1630,107.801,878,, 
1631,107.872,866,, 
1632,107.943,899,, 
1633,108.014,932,, 
1634,108.085,873,, 
1635,108.156,882,, 
1636,108.227,887,, 
1637,108.298,909,, 
1638,108.369,970,, 
1639,108.44,925,, 
1640,108.511,933,, 
1641,108.582,889,, 
1642,108.653,909,, 
1643,108.724,852,, 
1644,108.795,921,, 
1645,108.866,876,, 
1646,108.937,900,, 
1647,109.008,894,, 
1648,109.079,928,, 
1649,109.15,868,, 
1650,109.221,890,, 
1651,109.292,867,, 
1652,109.363,888,, 
1653,109.435,902,, 
1654,109.506,887,, 
1655,109.577,865,, 
1656,109.648,873,, 
1657,109.719,887,, 
1658,109.79,847,, 
1659,109.861,914,, 
1660,109.932,883,, 
1661,110.003,898,, 
1662,110.075,894,, 
1663,110.146,877,, 
1664,110.217,840,, 
1665,110.288,868,, 
1666,110.359,922,, 
1667,110.43,896,, 
1668,110.502,907,, 
1669,110.573,927,, 
1670,110.644,909,, 
1671,110.715,910,, 
1672,110.786,937,, 
1673,110.858,909,, 
1674,110.929,950,, 
1675,111,954,, 
1676,111.071,949,, 
1677,111.142,942,, 
1678,111.214,897,, 
1679,111.285,858,, 
1680,111.356,904,, 
1681,111.427,965,, 
1682,111.499,901,, 
1683,111.57,950,, 
1684,111.641,916,, 
1685,111.713,1058,, 
1686,111.784,1035,, 
1687,111.855,1125,, 
1688,111.926,1163,, 
1689,111.998,1106,, 
1690,112.069,1148,, 
1691,112.14,1098,, 
1692,112.212,1104,, 
1693,112.283,1026,, 
1694,112.354,973,, 
1695,112.426,953,, 
1696,112.497,906,, 
1697,112.568,884,, 
1698,112.64,830,, 
1699,112.711,843,, 
1700,112.782,801,, 
1701,112.854,886,, 
1702,112.925,831,, 
1703,112.996,832,, 
1704,113.068,821,, 
1705,113.139,825,, 
1706,113.211,808,, 
1707,113.282,832,, 
1708,113.353,836,, 
1709,113.425,896,, 
1710,113.496,867,, 
1711,113.568,854,, 
1712,113.639,788,, 
1713,113.711,855,, 
1714,113.782,908,, 
1715,113.853,832,, 
1716,113.925,881,, 
1717,113.996,879,, 
1718,114.068,882,, 
1719,114.139,902,, 
1720,114.211,859,, 
1721,114.282,915,, 
1722,114.354,860,, 
1723,114.425,864,, 
1724,114.497,816,, 
1725,114.568,886,, 
1726,114.64,909,, 
1727,114.711,870,, 
1728,114.783,881,, 
1729,114.854,865,, 
1730,114.926,949,, 
1731,114.997,852,, 
1732,115.069,894,, 
1733,115.14,918,, 
1734,115.212,899,, 
1735,115.284,902,, 
1736,115.355,848,, 
1737,115.427,901,, 
1738,115.498,949,, 
1739,115.57,885,, 
1740,115.641,922,, 
1741,115.713,918,, 
1742,115.785,871,, 
1743,115.856,897,, 
1744,115.928,904,, 
1745,115.999,889,, 
1746,116.071,929,, 
1747,116.143,932,, 
1748,116.214,934,, 
1749,116.286,926,, 
1750,116.358,937,, 
1751,116.429,950,, 
1752,116.501,944,, 
1753,116.573,976,, 
1754,116.644,972,, 
1755,116.716,966,, 
1756,116.788,930,, 
1757,116.859,906,, 
1758,116.931,942,, 
1759,117.003,1012,, 
1760,117.074,983,, 
1761,117.146,971,, 
1762,117.218,965,, 
1763,117.289,1024,, 
1764,117.361,1019,, 
1765,117.433,1042,, 
1766,117.505,1000,, 
1767,117.576,1002,, 
1768,117.648,1025,, 
1769,117.72,1007,, 
1770,117.792,1035,, 
1771,117.863,1073,, 
1772,117.935,1083,, 
1773,118.007,1073,, 
1774,118.079,1064,, 
1775,118.15,1121,, 
1776,118.222,1071,, 
1777,118.294,1169,, 
1778,118.366,1133,, 
1779,118.438,1129,, 
1780,118.51,1149,, 
1781,118.581,1150,, 
1782,118.653,1149,, 
1783,118.725,1091,, 
1784,118.797,1211,, 
1785,118.869,1205,, 
1786,118.941,1240,, 
1787,119.012,1235,, 
1788,119.084,1276,, 
1789,119.156,1292,, 
1790,119.228,1315,, 
1791,119.3,1287,, 
1792,119.372,1416,, 
1793,119.444,1315,, 
1794,119.515,1423,, 
1795,119.587,1516,, 
1796,119.659,1480,, 
1797,119.731,1566,, 
1798,119.803,1607,, 
1799,119.875,1698,, 
1800,119.947,1860,, 
1801,120.019,1883,, 
1802,120.091,2238,, 
1803,120.163,2728,, 
1804,120.235,3817,, 
1805,120.307,6118,, 
1806,120.379,10932,, 
1807,120.451,19268,, 
1808,120.523,32958,, 
1809,120.595,53710,, 
1810,120.667,82179,, 
1811,120.739,114728,, 
1812,120.811,149239,, 
1813,120.883,176341,, 
1814,120.955,192633,, 
1815,121.027,193521,, 
1816,121.099,178489,, 
1817,121.171,151891,, 
1818,121.243,118162,, 
1819,121.315,84964,, 
1820,121.387,55688,, 
1821,121.459,33475,, 
1822,121.531,18469,, 
1823,121.603,9548,, 
1824,121.675,4652,, 
1825,121.747,2023,, 
1826,121.819,964,, 
1827,121.891,429,, 
1828,121.963,255,, 
1829,122.035,202,, 
1830,122.107,176,, 
1831,122.18,184,, 
1832,122.252,166,, 
1833,122.324,176,, 
1834,122.396,192,, 
1835,122.468,176,, 
1836,122.54,163,, 
1837,122.612,161,, 
1838,122.684,174,, 
1839,122.757,159,, 
1840,122.829,207,, 
1841,122.901,184,, 
1842,122.973,170,, 
1843,123.045,171,, 
1844,123.117,199,, 
1845,123.19,176,, 
1846,123.262,163,, 
1847,123.334,164,, 
1848,123.406,162,, 
1849,123.478,179,, 
1850,123.551,166,, 
1851,123.623,176,, 
1852,123.695,166,, 
1853,123.767,160,, 
1854,123.839,169,, 
1855,123.912,194,, 
1856,123.984,174,, 
1857,124.056,185,, 
1858,124.128,158,, 
1859,124.201,165,, 
1860,124.273,194,, 
1861,124.345,169,, 
1862,124.417,152,, 
1863,124.49,171,, 
1864,124.562,177,, 
1865,124.634,193,, 
1866,124.707,202,, 
1867,124.779,196,, 
1868,124.851,176,, 
1869,124.924,219,, 
1870,124.996,212,, 
1871,125.068,195,, 
1872,125.141,170,, 
1873,125.213,185,, 
1874,125.285,154,, 
1875,125.358,157,, 
1876,125.43,169,, 
1877,125.502,167,, 
1878,125.575,162,, 
1879,125.647,161,, 
1880,125.719,158,, 
1881,125.792,163,, 
1882,125.864,167,, 
1883,125.937,178,, 
1884,126.009,162,, 
1885,126.081,184,, 
1886,126.154,160,, 
1887,126.226,169,, 
1888,126.299,154,, 
1889,126.371,168,, 
1890,126.444,146,, 
1891,126.516,140,, 
1892,126.588,155,, 
1893,126.661,162,, 
1894,126.733,159,, 
1895,126.806,154,, 
1896,126.878,178,, 
1897,126.951,171,, 
1898,127.023,163,, 
1899,127.096,177,, 
1900,127.168,169,, 
1901,127.241,153,, 
1902,127.313,176,, 
1903,127.386,182,, 
1904,127.458,171,, 
1905,127.531,175,, 
1906,127.603,148,, 
1907,127.676,160,, 
1908,127.748,175,, 
1909,127.821,172,, 
1910,127.894,172,, 
1911,127.966,171,, 
1912,128.039,179,, 
1913,128.111,157,, 
1914,128.184,175,, 
1915,128.256,156,, 
1916,128.329,161,, 
1917,128.402,143,, 
1918,128.474,160,, 
1919,128.547,168,, 
1920,128.619,189,, 
1921,128.692,181,, 
1922,128.765,154,, 
1923,128.837,160,, 
1924,128.91,160,, 
1925,128.982,167,, 
1926,129.055,180,, 
1927,129.128,155,, 
1928,129.2,177,, 
1929,129.273,175,, 
1930,129.346,161,, 
1931,129.418,177,, 
1932,129.491,181,, 
1933,129.564,175,, 
1934,129.636,166,, 
1935,129.709,169,, 
1936,129.782,164,, 
1937,129.854,196,, 
1938,129.927,182,, 
1939,130,163,, 
1940,130.073,182,, 
1941,130.145,181,, 
1942,130.218,194,, 
1943,130.291,168,, 
1944,130.364,151,, 
1945,130.436,180,, 
1946,130.509,177,, 
1947,130.582,184,, 
1948,130.655,198,, 
1949,130.727,183,, 
1950,130.8,161,, 
1951,130.873,174,, 
1952,130.946,199,, 
1953,131.019,213,, 
1954,131.091,185,, 
1955,131.164,210,, 
1956,131.237,213,, 
1957,131.31,223,, 
1958,131.383,221,, 
1959,131.455,201,, 
1960,131.528,203,, 
1961,131.601,236,, 
1962,131.674,229,, 
1963,131.747,215,, 
1964,131.82,238,, 
1965,131.892,240,, 
1966,131.965,286,, 
1967,132.038,341,, 
1968,132.111,469,, 
1969,132.184,715,, 
1970,132.257,1219,, 
1971,132.33,2109,, 
1972,132.403,3695,, 
1973,132.476,5933,, 
1974,132.548,9362,, 
1975,132.621,12710,, 
1976,132.694,16172,, 
1977,132.767,18913,, 
1978,132.84,20038,, 
1979,132.913,19369,, 
1980,132.986,17345,, 
1981,133.059,14285,, 
1982,133.132,10796,, 
1983,133.205,7381,, 
1984,133.278,4780,, 
1985,133.351,2793,, 
1986,133.424,1516,, 
1987,133.497,766,, 
1988,133.57,394,, 
1989,133.643,242,, 
1990,133.716,162,, 
1991,133.789,114,, 
1992,133.862,105,, 
1993,133.935,113,, 
1994,134.008,104,, 
1995,134.081,94,, 
1996,134.154,84,, 
1997,134.227,103,, 
1998,134.3,79,, 
1999,134.373,83,, 
2000,134.446,84,, 
2001,134.519,93,, 
2002,134.592,79,, 
2003,134.665,80,, 
2004,134.739,78,, 
2005,134.812,94,, 
2006,134.885,68,, 
2007,134.958,79,, 
2008,135.031,96,, 
2009,135.104,82,, 
2010,135.177,77,, 
2011,135.25,76,, 
2012,135.323,79,, 
2013,135.397,90,, 
2014,135.47,82,, 
2015,135.543,75,, 
2016,135.616,80,, 
2017,135.689,79,, 
2018,135.762,75,, 
2019,135.835,84,, 
2020,135.909,96,, 
2021,135.982,75,, 
2022,136.055,92,, 
2023,136.128,94,, 
2024,136.201,99,, 
2025,136.275,89,, 
2026,136.348,84,, 
2027,136.421,67,, 
2028,136.494,74,, 
2029,136.567,93,, 
2030,136.641,93,, 
2031,136.714,98,, 
2032,136.787,81,, 
2033,136.86,99,, 
2034,136.934,61,, 
2035,137.007,86,, 
2036,137.08,76,, 
2037,137.153,81,, 
2038,137.227,85,, 
2039,137.3,77,, 
2040,137.373,74,, 
2041,137.447,61,, 
2042,137.52,68,, 
2043,137.593,80,, 
2044,137.666,67,, 
2045,137.74,2,, 
2046,137.813,0,, 
2047,137.886,0,, 
