0,0.748116,0,, 
1,0.805313,0,, 
2,0.862521,0,, 
3,0.919741,0,, 
4,0.976972,0,, 
5,1.03421,0,, 
6,1.09147,0,, 
7,1.14873,0,, 
8,1.20601,0,, 
9,1.2633,0,, 
10,1.3206,0,, 
11,1.37791,0,, 
12,1.43523,0,, 
13,1.49256,0,, 
14,1.5499,0,, 
15,1.60726,377,, 
16,1.66463,6481,, 
17,1.722,5895,, 
18,1.77939,4792,, 
19,1.83679,4102,, 
20,1.89421,3777,, 
21,1.95163,3682,, 
22,2.00906,3730,, 
23,2.06651,3720,, 
24,2.12397,3794,, 
25,2.18143,3937,, 
26,2.23891,3863,, 
27,2.2964,3995,, 
28,2.35391,3918,, 
29,2.41142,3898,, 
30,2.46895,3973,, 
31,2.52648,4163,, 
32,2.58403,4115,, 
33,2.64159,4177,, 
34,2.69916,4293,, 
35,2.75674,4200,, 
36,2.81433,4220,, 
37,2.87194,4218,, 
38,2.92955,4193,, 
39,2.98718,3999,, 
40,3.04482,3988,, 
41,3.10246,3869,, 
42,3.16013,3980,, 
43,3.2178,4116,, 
44,3.27548,4205,, 
45,3.33317,4420,, 
46,3.39088,4705,, 
47,3.4486,4953,, 
48,3.50633,5208,, 
49,3.56407,5384,, 
50,3.62182,5705,, 
51,3.67958,5487,, 
52,3.73735,5555,, 
53,3.79514,5406,, 
54,3.85293,5101,, 
55,3.91074,4710,, 
56,3.96856,4436,, 
57,4.02639,3875,, 
58,4.08423,3637,, 
59,4.14208,3238,, 
60,4.19995,3045,, 
61,4.25782,2901,, 
62,4.31571,2520,, 
63,4.37361,2384,, 
64,4.43151,2291,, 
65,4.48944,2191,, 
66,4.54737,2158,, 
67,4.60531,2255,, 
68,4.66326,2415,, 
69,4.72123,2608,, 
70,4.77921,2852,, 
71,4.8372,2846,, 
72,4.89519,2729,, 
73,4.95321,2500,, 
74,5.01123,1993,, 
75,5.06926,2002,, 
76,5.12731,1532,, 
77,5.18536,1215,, 
78,5.24343,1182,, 
79,5.30151,1094,, 
80,5.3596,1086,, 
81,5.4177,1108,, 
82,5.47581,1078,, 
83,5.53393,1114,, 
84,5.59207,959,, 
85,5.65022,940,, 
86,5.70837,973,, 
87,5.76654,881,, 
88,5.82472,991,, 
89,5.88292,890,, 
90,5.94112,890,, 
91,5.99933,868,, 
92,6.05756,937,, 
93,6.11579,948,, 
94,6.17404,1051,, 
95,6.2323,1286,, 
96,6.29057,1707,, 
97,6.34886,2346,, 
98,6.40715,3107,, 
99,6.46545,3863,, 
100,6.52377,4305,, 
101,6.5821,4395,, 
102,6.64043,3870,, 
103,6.69878,3010,, 
104,6.75715,2241,, 
105,6.81552,1669,, 
106,6.8739,1317,, 
107,6.9323,1339,, 
108,6.9907,1490,, 
109,7.04912,1692,, 
110,7.10755,1855,, 
111,7.16599,1847,, 
112,7.22444,1699,, 
113,7.2829,1507,, 
114,7.34138,1159,, 
115,7.39986,954,, 
116,7.45836,835,, 
117,7.51687,747,, 
118,7.57539,742,, 
119,7.63392,689,, 
120,7.69246,665,, 
121,7.75101,674,, 
122,7.80958,660,, 
123,7.86815,656,, 
124,7.92674,649,, 
125,7.98534,646,, 
126,8.04395,591,, 
127,8.10257,602,, 
128,8.1612,694,, 
129,8.21985,655,, 
130,8.2785,656,, 
131,8.33717,651,, 
132,8.39585,710,, 
133,8.45453,632,, 
134,8.51324,595,, 
135,8.57195,625,, 
136,8.63067,634,, 
137,8.6894,585,, 
138,8.74815,623,, 
139,8.80691,599,, 
140,8.86567,612,, 
141,8.92445,619,, 
142,8.98324,583,, 
143,9.04205,581,, 
144,9.10086,606,, 
145,9.15968,565,, 
146,9.21852,603,, 
147,9.27737,583,, 
148,9.33622,559,, 
149,9.39509,608,, 
150,9.45397,549,, 
151,9.51287,565,, 
152,9.57177,596,, 
153,9.63069,610,, 
154,9.68961,588,, 
155,9.74855,614,, 
156,9.8075,575,, 
157,9.86646,616,, 
158,9.92543,571,, 
159,9.98441,581,, 
160,10.0434,559,, 
161,10.1024,570,, 
162,10.1614,546,, 
163,10.2205,564,, 
164,10.2795,576,, 
165,10.3385,603,, 
166,10.3976,580,, 
167,10.4567,584,, 
168,10.5158,575,, 
169,10.5749,562,, 
170,10.634,576,, 
171,10.6931,569,, 
172,10.7522,568,, 
173,10.8114,567,, 
174,10.8705,542,, 
175,10.9297,602,, 
176,10.9888,552,, 
177,11.048,618,, 
178,11.1072,588,, 
179,11.1664,534,, 
180,11.2257,584,, 
181,11.2849,559,, 
182,11.3441,573,, 
183,11.4034,552,, 
184,11.4627,595,, 
185,11.5219,576,, 
186,11.5812,553,, 
187,11.6405,561,, 
188,11.6998,564,, 
189,11.7591,521,, 
190,11.8185,570,, 
191,11.8778,544,, 
192,11.9372,559,, 
193,11.9965,573,, 
194,12.0559,591,, 
195,12.1153,561,, 
196,12.1747,545,, 
197,12.2341,528,, 
198,12.2936,538,, 
199,12.353,596,, 
200,12.4124,655,, 
201,12.4719,565,, 
202,12.5314,566,, 
203,12.5908,613,, 
204,12.6503,584,, 
205,12.7098,575,, 
206,12.7693,620,, 
207,12.8289,565,, 
208,12.8884,617,, 
209,12.948,631,, 
210,13.0075,661,, 
211,13.0671,745,, 
212,13.1267,799,, 
213,13.1863,829,, 
214,13.2459,893,, 
215,13.3055,880,, 
216,13.3651,978,, 
217,13.4247,947,, 
218,13.4844,1130,, 
219,13.5441,1444,, 
220,13.6037,1983,, 
221,13.6634,3058,, 
222,13.7231,4899,, 
223,13.7828,7172,, 
224,13.8425,9674,, 
225,13.9023,11467,, 
226,13.962,11665,, 
227,14.0217,10797,, 
228,14.0815,8611,, 
229,14.1413,6110,, 
230,14.2011,3860,, 
231,14.2609,2166,, 
232,14.3207,1305,, 
233,14.3805,796,, 
234,14.4403,576,, 
235,14.5002,447,, 
236,14.56,488,, 
237,14.6199,479,, 
238,14.6798,475,, 
239,14.7396,429,, 
240,14.7995,461,, 
241,14.8595,476,, 
242,14.9194,482,, 
243,14.9793,453,, 
244,15.0392,444,, 
245,15.0992,425,, 
246,15.1592,436,, 
247,15.2191,460,, 
248,15.2791,452,, 
249,15.3391,426,, 
250,15.3991,466,, 
251,15.4592,448,, 
252,15.5192,449,, 
253,15.5792,438,, 
254,15.6393,491,, 
255,15.6994,438,, 
256,15.7594,473,, 
257,15.8195,434,, 
258,15.8796,468,, 
259,15.9398,470,, 
260,15.9999,434,, 
261,16.06,426,, 
262,16.1202,456,, 
263,16.1803,473,, 
264,16.2405,417,, 
265,16.3007,433,, 
266,16.3609,441,, 
267,16.4211,418,, 
268,16.4813,426,, 
269,16.5415,457,, 
270,16.6017,469,, 
271,16.662,430,, 
272,16.7222,443,, 
273,16.7825,452,, 
274,16.8428,451,, 
275,16.9031,431,, 
276,16.9634,452,, 
277,17.0237,422,, 
278,17.084,436,, 
279,17.1444,395,, 
280,17.2047,447,, 
281,17.2651,387,, 
282,17.3255,428,, 
283,17.3859,420,, 
284,17.4462,439,, 
285,17.5067,404,, 
286,17.5671,443,, 
287,17.6275,393,, 
288,17.6879,447,, 
289,17.7484,411,, 
290,17.8089,453,, 
291,17.8693,418,, 
292,17.9298,441,, 
293,17.9903,409,, 
294,18.0508,438,, 
295,18.1113,447,, 
296,18.1719,442,, 
297,18.2324,401,, 
298,18.293,376,, 
299,18.3535,410,, 
300,18.4141,397,, 
301,18.4747,400,, 
302,18.5353,414,, 
303,18.5959,373,, 
304,18.6565,410,, 
305,18.7172,437,, 
306,18.7778,405,, 
307,18.8385,448,, 
308,18.8991,394,, 
309,18.9598,386,, 
310,19.0205,390,, 
311,19.0812,373,, 
312,19.1419,406,, 
313,19.2026,407,, 
314,19.2634,401,, 
315,19.3241,425,, 
316,19.3849,427,, 
317,19.4456,396,, 
318,19.5064,400,, 
319,19.5672,408,, 
320,19.628,418,, 
321,19.6888,430,, 
322,19.7496,397,, 
323,19.8105,402,, 
324,19.8713,385,, 
325,19.9322,415,, 
326,19.9931,356,, 
327,20.0539,420,, 
328,20.1148,416,, 
329,20.1757,382,, 
330,20.2366,376,, 
331,20.2976,386,, 
332,20.3585,379,, 
333,20.4195,384,, 
334,20.4804,391,, 
335,20.5414,411,, 
336,20.6024,413,, 
337,20.6634,416,, 
338,20.7244,363,, 
339,20.7854,369,, 
340,20.8464,398,, 
341,20.9075,389,, 
342,20.9685,384,, 
343,21.0296,368,, 
344,21.0906,338,, 
345,21.1517,406,, 
346,21.2128,409,, 
347,21.2739,393,, 
348,21.3351,341,, 
349,21.3962,390,, 
350,21.4573,395,, 
351,21.5185,375,, 
352,21.5796,373,, 
353,21.6408,391,, 
354,21.702,357,, 
355,21.7632,412,, 
356,21.8244,390,, 
357,21.8856,359,, 
358,21.9469,405,, 
359,22.0081,366,, 
360,22.0694,340,, 
361,22.1306,355,, 
362,22.1919,381,, 
363,22.2532,396,, 
364,22.3145,361,, 
365,22.3758,339,, 
366,22.4371,375,, 
367,22.4985,341,, 
368,22.5598,357,, 
369,22.6212,437,, 
370,22.6825,378,, 
371,22.7439,363,, 
372,22.8053,388,, 
373,22.8667,411,, 
374,22.9281,434,, 
375,22.9895,392,, 
376,23.051,410,, 
377,23.1124,449,, 
378,23.1739,425,, 
379,23.2353,418,, 
380,23.2968,428,, 
381,23.3583,418,, 
382,23.4198,391,, 
383,23.4813,384,, 
384,23.5429,367,, 
385,23.6044,381,, 
386,23.6659,375,, 
387,23.7275,373,, 
388,23.7891,359,, 
389,23.8506,320,, 
390,23.9122,345,, 
391,23.9738,355,, 
392,24.0355,346,, 
393,24.0971,366,, 
394,24.1587,354,, 
395,24.2204,351,, 
396,24.282,364,, 
397,24.3437,378,, 
398,24.4054,330,, 
399,24.4671,359,, 
400,24.5288,346,, 
401,24.5905,398,, 
402,24.6522,370,, 
403,24.714,343,, 
404,24.7757,334,, 
405,24.8375,337,, 
406,24.8993,341,, 
407,24.9611,347,, 
408,25.0229,356,, 
409,25.0847,368,, 
410,25.1465,350,, 
411,25.2083,381,, 
412,25.2702,363,, 
413,25.332,327,, 
414,25.3939,366,, 
415,25.4557,367,, 
416,25.5176,328,, 
417,25.5795,353,, 
418,25.6414,379,, 
419,25.7034,341,, 
420,25.7653,380,, 
421,25.8272,369,, 
422,25.8892,388,, 
423,25.9512,363,, 
424,26.0131,357,, 
425,26.0751,359,, 
426,26.1371,357,, 
427,26.1991,363,, 
428,26.2612,327,, 
429,26.3232,383,, 
430,26.3852,363,, 
431,26.4473,379,, 
432,26.5094,383,, 
433,26.5714,388,, 
434,26.6335,331,, 
435,26.6956,349,, 
436,26.7577,382,, 
437,26.8199,350,, 
438,26.882,361,, 
439,26.9442,363,, 
440,27.0063,370,, 
441,27.0685,333,, 
442,27.1307,366,, 
443,27.1929,312,, 
444,27.2551,361,, 
445,27.3173,320,, 
446,27.3795,375,, 
447,27.4417,352,, 
448,27.504,333,, 
449,27.5662,350,, 
450,27.6285,351,, 
451,27.6908,365,, 
452,27.7531,346,, 
453,27.8154,351,, 
454,27.8777,344,, 
455,27.94,348,, 
456,28.0024,350,, 
457,28.0647,379,, 
458,28.1271,332,, 
459,28.1895,365,, 
460,28.2519,362,, 
461,28.3142,371,, 
462,28.3767,367,, 
463,28.4391,366,, 
464,28.5015,356,, 
465,28.5639,359,, 
466,28.6264,362,, 
467,28.6889,355,, 
468,28.7513,334,, 
469,28.8138,352,, 
470,28.8763,328,, 
471,28.9388,369,, 
472,29.0013,333,, 
473,29.0639,354,, 
474,29.1264,363,, 
475,29.189,326,, 
476,29.2515,343,, 
477,29.3141,363,, 
478,29.3767,311,, 
479,29.4393,360,, 
480,29.5019,344,, 
481,29.5645,350,, 
482,29.6272,370,, 
483,29.6898,348,, 
484,29.7525,389,, 
485,29.8151,388,, 
486,29.8778,345,, 
487,29.9405,360,, 
488,30.0032,361,, 
489,30.0659,341,, 
490,30.1286,359,, 
491,30.1914,363,, 
492,30.2541,346,, 
493,30.3169,367,, 
494,30.3796,363,, 
495,30.4424,349,, 
496,30.5052,401,, 
497,30.568,352,, 
498,30.6308,343,, 
499,30.6937,344,, 
500,30.7565,337,, 
501,30.8193,376,, 
502,30.8822,407,, 
503,30.9451,334,, 
504,31.008,356,, 
505,31.0708,369,, 
506,31.1337,380,, 
507,31.1967,372,, 
508,31.2596,361,, 
509,31.3225,327,, 
510,31.3855,351,, 
511,31.4484,390,, 
512,31.5114,333,, 
513,31.5744,386,, 
514,31.6374,325,, 
515,31.7004,311,, 
516,31.7634,396,, 
517,31.8264,375,, 
518,31.8895,395,, 
519,31.9525,359,, 
520,32.0156,380,, 
521,32.0787,358,, 
522,32.1418,343,, 
523,32.2048,377,, 
524,32.268,368,, 
525,32.3311,336,, 
526,32.3942,334,, 
527,32.4573,356,, 
528,32.5205,348,, 
529,32.5837,413,, 
530,32.6468,369,, 
531,32.71,390,, 
532,32.7732,357,, 
533,32.8364,357,, 
534,32.8997,373,, 
535,32.9629,365,, 
536,33.0261,364,, 
537,33.0894,334,, 
538,33.1526,337,, 
539,33.2159,348,, 
540,33.2792,364,, 
541,33.3425,386,, 
542,33.4058,371,, 
543,33.4691,362,, 
544,33.5325,364,, 
545,33.5958,360,, 
546,33.6592,345,, 
547,33.7226,364,, 
548,33.7859,362,, 
549,33.8493,385,, 
550,33.9127,357,, 
551,33.9761,342,, 
552,34.0396,370,, 
553,34.103,378,, 
554,34.1664,337,, 
555,34.2299,359,, 
556,34.2934,371,, 
557,34.3568,326,, 
558,34.4203,373,, 
559,34.4838,328,, 
560,34.5474,310,, 
561,34.6109,377,, 
562,34.6744,362,, 
563,34.738,349,, 
564,34.8015,390,, 
565,34.8651,360,, 
566,34.9287,354,, 
567,34.9923,336,, 
568,35.0559,364,, 
569,35.1195,365,, 
570,35.1831,358,, 
571,35.2468,374,, 
572,35.3104,366,, 
573,35.3741,373,, 
574,35.4377,359,, 
575,35.5014,344,, 
576,35.5651,330,, 
577,35.6288,328,, 
578,35.6925,321,, 
579,35.7563,327,, 
580,35.82,365,, 
581,35.8838,360,, 
582,35.9475,334,, 
583,36.0113,346,, 
584,36.0751,352,, 
585,36.1389,336,, 
586,36.2027,346,, 
587,36.2665,364,, 
588,36.3303,329,, 
589,36.3942,342,, 
590,36.458,343,, 
591,36.5219,341,, 
592,36.5858,341,, 
593,36.6497,345,, 
594,36.7136,352,, 
595,36.7775,325,, 
596,36.8414,316,, 
597,36.9053,341,, 
598,36.9693,361,, 
599,37.0332,317,, 
600,37.0972,315,, 
601,37.1612,327,, 
602,37.2252,333,, 
603,37.2892,349,, 
604,37.3532,329,, 
605,37.4172,323,, 
606,37.4812,338,, 
607,37.5453,326,, 
608,37.6093,322,, 
609,37.6734,322,, 
610,37.7375,296,, 
611,37.8016,271,, 
612,37.8657,311,, 
613,37.9298,312,, 
614,37.9939,284,, 
615,38.0581,335,, 
616,38.1222,304,, 
617,38.1864,331,, 
618,38.2505,247,, 
619,38.3147,296,, 
620,38.3789,303,, 
621,38.4431,275,, 
622,38.5073,281,, 
623,38.5715,284,, 
624,38.6358,275,, 
625,38.7,266,, 
626,38.7643,214,, 
627,38.8286,261,, 
628,38.8929,247,, 
629,38.9571,273,, 
630,39.0215,269,, 
631,39.0858,248,, 
632,39.1501,248,, 
633,39.2144,237,, 
634,39.2788,264,, 
635,39.3431,239,, 
636,39.4075,239,, 
637,39.4719,262,, 
638,39.5363,259,, 
639,39.6007,223,, 
640,39.6651,266,, 
641,39.7296,239,, 
642,39.794,234,, 
643,39.8585,229,, 
644,39.9229,239,, 
645,39.9874,244,, 
646,40.0519,246,, 
647,40.1164,233,, 
648,40.1809,230,, 
649,40.2454,209,, 
650,40.3099,210,, 
651,40.3745,226,, 
652,40.439,208,, 
653,40.5036,215,, 
654,40.5682,215,, 
655,40.6328,253,, 
656,40.6974,216,, 
657,40.762,225,, 
658,40.8266,195,, 
659,40.8912,206,, 
660,40.9559,199,, 
661,41.0205,213,, 
662,41.0852,208,, 
663,41.1499,223,, 
664,41.2146,197,, 
665,41.2793,193,, 
666,41.344,219,, 
667,41.4087,194,, 
668,41.4734,231,, 
669,41.5382,194,, 
670,41.6029,187,, 
671,41.6677,207,, 
672,41.7325,220,, 
673,41.7973,211,, 
674,41.8621,223,, 
675,41.9269,206,, 
676,41.9917,214,, 
677,42.0566,196,, 
678,42.1214,210,, 
679,42.1863,199,, 
680,42.2511,192,, 
681,42.316,201,, 
682,42.3809,197,, 
683,42.4458,210,, 
684,42.5107,185,, 
685,42.5757,188,, 
686,42.6406,182,, 
687,42.7055,196,, 
688,42.7705,214,, 
689,42.8355,190,, 
690,42.9005,205,, 
691,42.9655,193,, 
692,43.0305,230,, 
693,43.0955,202,, 
694,43.1605,193,, 
695,43.2256,195,, 
696,43.2906,182,, 
697,43.3557,179,, 
698,43.4207,206,, 
699,43.4858,180,, 
700,43.5509,212,, 
701,43.616,183,, 
702,43.6811,181,, 
703,43.7463,190,, 
704,43.8114,177,, 
705,43.8766,213,, 
706,43.9417,157,, 
707,44.0069,177,, 
708,44.0721,205,, 
709,44.1373,177,, 
710,44.2025,200,, 
711,44.2677,197,, 
712,44.333,181,, 
713,44.3982,183,, 
714,44.4635,196,, 
715,44.5287,190,, 
716,44.594,167,, 
717,44.6593,198,, 
718,44.7246,173,, 
719,44.7899,187,, 
720,44.8552,164,, 
721,44.9206,183,, 
722,44.9859,184,, 
723,45.0513,196,, 
724,45.1166,156,, 
725,45.182,190,, 
726,45.2474,202,, 
727,45.3128,171,, 
728,45.3782,183,, 
729,45.4436,193,, 
730,45.5091,178,, 
731,45.5745,173,, 
732,45.64,167,, 
733,45.7054,177,, 
734,45.7709,153,, 
735,45.8364,200,, 
736,45.9019,167,, 
737,45.9674,147,, 
738,46.033,165,, 
739,46.0985,166,, 
740,46.1641,164,, 
741,46.2296,179,, 
742,46.2952,206,, 
743,46.3608,166,, 
744,46.4264,177,, 
745,46.492,179,, 
746,46.5576,178,, 
747,46.6232,178,, 
748,46.6888,178,, 
749,46.7545,159,, 
750,46.8202,187,, 
751,46.8858,177,, 
752,46.9515,164,, 
753,47.0172,162,, 
754,47.0829,179,, 
755,47.1486,163,, 
756,47.2144,149,, 
757,47.2801,185,, 
758,47.3459,183,, 
759,47.4116,181,, 
760,47.4774,160,, 
761,47.5432,167,, 
762,47.609,155,, 
763,47.6748,190,, 
764,47.7406,177,, 
765,47.8064,172,, 
766,47.8723,181,, 
767,47.9381,191,, 
768,48.004,166,, 
769,48.0699,164,, 
770,48.1358,172,, 
771,48.2017,141,, 
772,48.2676,172,, 
773,48.3335,161,, 
774,48.3994,153,, 
775,48.4654,170,, 
776,48.5313,150,, 
777,48.5973,145,, 
778,48.6633,176,, 
779,48.7293,178,, 
780,48.7953,150,, 
781,48.8613,180,, 
782,48.9273,162,, 
783,48.9933,155,, 
784,49.0594,174,, 
785,49.1254,172,, 
786,49.1915,157,, 
787,49.2576,156,, 
788,49.3237,190,, 
789,49.3898,187,, 
790,49.4559,163,, 
791,49.522,166,, 
792,49.5882,145,, 
793,49.6543,172,, 
794,49.7205,156,, 
795,49.7866,175,, 
796,49.8528,191,, 
797,49.919,183,, 
798,49.9852,167,, 
799,50.0514,167,, 
800,50.1177,157,, 
801,50.1839,172,, 
802,50.2501,156,, 
803,50.3164,166,, 
804,50.3827,148,, 
805,50.449,163,, 
806,50.5152,165,, 
807,50.5816,160,, 
808,50.6479,157,, 
809,50.7142,150,, 
810,50.7805,179,, 
811,50.8469,168,, 
812,50.9133,156,, 
813,50.9796,163,, 
814,51.046,164,, 
815,51.1124,178,, 
816,51.1788,147,, 
817,51.2452,152,, 
818,51.3117,172,, 
819,51.3781,169,, 
820,51.4446,185,, 
821,51.511,177,, 
822,51.5775,155,, 
823,51.644,158,, 
824,51.7105,177,, 
825,51.777,163,, 
826,51.8435,179,, 
827,51.91,153,, 
828,51.9766,145,, 
829,52.0431,160,, 
830,52.1097,152,, 
831,52.1763,181,, 
832,52.2429,179,, 
833,52.3095,178,, 
834,52.3761,163,, 
835,52.4427,175,, 
836,52.5093,162,, 
837,52.576,175,, 
838,52.6426,178,, 
839,52.7093,148,, 
840,52.776,169,, 
841,52.8427,179,, 
842,52.9094,158,, 
843,52.9761,163,, 
844,53.0428,176,, 
845,53.1095,153,, 
846,53.1763,147,, 
847,53.2431,172,, 
848,53.3098,163,, 
849,53.3766,172,, 
850,53.4434,158,, 
851,53.5102,157,, 
852,53.577,196,, 
853,53.6438,151,, 
854,53.7107,169,, 
855,53.7775,159,, 
856,53.8444,164,, 
857,53.9113,139,, 
858,53.9781,170,, 
859,54.045,180,, 
860,54.1119,174,, 
861,54.1789,181,, 
862,54.2458,170,, 
863,54.3127,169,, 
864,54.3797,145,, 
865,54.4466,156,, 
866,54.5136,177,, 
867,54.5806,168,, 
868,54.6476,170,, 
869,54.7146,159,, 
870,54.7816,169,, 
871,54.8486,171,, 
872,54.9157,165,, 
873,54.9827,164,, 
874,55.0498,189,, 
875,55.1169,190,, 
876,55.1839,174,, 
877,55.251,211,, 
878,55.3182,167,, 
879,55.3853,198,, 
880,55.4524,183,, 
881,55.5195,189,, 
882,55.5867,174,, 
883,55.6539,182,, 
884,55.721,189,, 
885,55.7882,166,, 
886,55.8554,158,, 
887,55.9226,161,, 
888,55.9899,174,, 
889,56.0571,202,, 
890,56.1243,181,, 
891,56.1916,197,, 
892,56.2589,190,, 
893,56.3261,172,, 
894,56.3934,184,, 
895,56.4607,185,, 
896,56.528,175,, 
897,56.5954,186,, 
898,56.6627,188,, 
899,56.73,186,, 
900,56.7974,185,, 
901,56.8648,180,, 
902,56.9321,201,, 
903,56.9995,207,, 
904,57.0669,197,, 
905,57.1343,191,, 
906,57.2018,183,, 
907,57.2692,211,, 
908,57.3367,195,, 
909,57.4041,189,, 
910,57.4716,196,, 
911,57.5391,208,, 
912,57.6066,197,, 
913,57.6741,215,, 
914,57.7416,183,, 
915,57.8091,219,, 
916,57.8766,196,, 
917,57.9442,218,, 
918,58.0117,182,, 
919,58.0793,194,, 
920,58.1469,213,, 
921,58.2145,185,, 
922,58.2821,171,, 
923,58.3497,197,, 
924,58.4173,202,, 
925,58.485,203,, 
926,58.5526,209,, 
927,58.6203,194,, 
928,58.688,175,, 
929,58.7557,199,, 
930,58.8234,193,, 
931,58.8911,187,, 
932,58.9588,190,, 
933,59.0265,197,, 
934,59.0942,196,, 
935,59.162,204,, 
936,59.2298,207,, 
937,59.2975,209,, 
938,59.3653,206,, 
939,59.4331,189,, 
940,59.5009,215,, 
941,59.5688,192,, 
942,59.6366,222,, 
943,59.7044,175,, 
944,59.7723,204,, 
945,59.8401,191,, 
946,59.908,193,, 
947,59.9759,201,, 
948,60.0438,205,, 
949,60.1117,189,, 
950,60.1796,208,, 
951,60.2476,199,, 
952,60.3155,204,, 
953,60.3835,189,, 
954,60.4514,242,, 
955,60.5194,180,, 
956,60.5874,196,, 
957,60.6554,236,, 
958,60.7234,210,, 
959,60.7914,212,, 
960,60.8595,205,, 
961,60.9275,210,, 
962,60.9956,199,, 
963,61.0637,205,, 
964,61.1317,202,, 
965,61.1998,212,, 
966,61.2679,222,, 
967,61.336,215,, 
968,61.4042,242,, 
969,61.4723,211,, 
970,61.5405,211,, 
971,61.6086,203,, 
972,61.6768,209,, 
973,61.745,224,, 
974,61.8132,214,, 
975,61.8814,210,, 
976,61.9496,209,, 
977,62.0178,209,, 
978,62.086,218,, 
979,62.1543,228,, 
980,62.2226,243,, 
981,62.2908,206,, 
982,62.3591,241,, 
983,62.4274,229,, 
984,62.4957,204,, 
985,62.564,206,, 
986,62.6324,217,, 
987,62.7007,243,, 
988,62.769,232,, 
989,62.8374,252,, 
990,62.9058,223,, 
991,62.9742,216,, 
992,63.0426,216,, 
993,63.111,234,, 
994,63.1794,257,, 
995,63.2478,226,, 
996,63.3163,221,, 
997,63.3847,223,, 
998,63.4532,214,, 
999,63.5217,226,, 
1000,63.5901,210,, 
1001,63.6586,234,, 
1002,63.7272,241,, 
1003,63.7957,223,, 
1004,63.8642,227,, 
1005,63.9327,211,, 
1006,64.0013,244,, 
1007,64.0699,227,, 
1008,64.1384,251,, 
1009,64.207,225,, 
1010,64.2756,220,, 
1011,64.3442,227,, 
1012,64.4129,249,, 
1013,64.4815,220,, 
1014,64.5501,241,, 
1015,64.6188,247,, 
1016,64.6875,224,, 
1017,64.7562,238,, 
1018,64.8248,256,, 
1019,64.8935,246,, 
1020,64.9623,252,, 
1021,65.031,242,, 
1022,65.0997,254,, 
1023,65.1685,241,, 
1024,65.2372,240,, 
1025,65.306,240,, 
1026,65.3748,261,, 
1027,65.4436,250,, 
1028,65.5124,236,, 
1029,65.5812,268,, 
1030,65.65,259,, 
1031,65.7188,251,, 
1032,65.7877,257,, 
1033,65.8566,265,, 
1034,65.9254,260,, 
1035,65.9943,269,, 
1036,66.0632,273,, 
1037,66.1321,230,, 
1038,66.201,251,, 
1039,66.27,274,, 
1040,66.3389,245,, 
1041,66.4078,267,, 
1042,66.4768,274,, 
1043,66.5458,282,, 
1044,66.6148,249,, 
1045,66.6838,297,, 
1046,66.7528,263,, 
1047,66.8218,262,, 
1048,66.8908,264,, 
1049,66.9598,263,, 
1050,67.0289,260,, 
1051,67.098,250,, 
1052,67.167,258,, 
1053,67.2361,266,, 
1054,67.3052,268,, 
1055,67.3743,266,, 
1056,67.4434,266,, 
1057,67.5126,304,, 
1058,67.5817,259,, 
1059,67.6509,281,, 
1060,67.72,258,, 
1061,67.7892,263,, 
1062,67.8584,254,, 
1063,67.9276,269,, 
1064,67.9968,253,, 
1065,68.066,268,, 
1066,68.1353,245,, 
1067,68.2045,271,, 
1068,68.2738,278,, 
1069,68.343,288,, 
1070,68.4123,251,, 
1071,68.4816,261,, 
1072,68.5509,271,, 
1073,68.6202,284,, 
1074,68.6895,267,, 
1075,68.7589,270,, 
1076,68.8282,246,, 
1077,68.8976,279,, 
1078,68.9669,283,, 
1079,69.0363,244,, 
1080,69.1057,288,, 
1081,69.1751,264,, 
1082,69.2445,259,, 
1083,69.314,264,, 
1084,69.3834,301,, 
1085,69.4528,277,, 
1086,69.5223,279,, 
1087,69.5918,272,, 
1088,69.6612,291,, 
1089,69.7307,274,, 
1090,69.8002,298,, 
1091,69.8698,286,, 
1092,69.9393,273,, 
1093,70.0088,283,, 
1094,70.0784,255,, 
1095,70.1479,265,, 
1096,70.2175,289,, 
1097,70.2871,274,, 
1098,70.3567,294,, 
1099,70.4263,267,, 
1100,70.4959,301,, 
1101,70.5655,273,, 
1102,70.6352,270,, 
1103,70.7048,307,, 
1104,70.7745,284,, 
1105,70.8442,293,, 
1106,70.9138,274,, 
1107,70.9835,277,, 
1108,71.0533,284,, 
1109,71.123,264,, 
1110,71.1927,300,, 
1111,71.2624,296,, 
1112,71.3322,289,, 
1113,71.402,263,, 
1114,71.4717,294,, 
1115,71.5415,332,, 
1116,71.6113,287,, 
1117,71.6811,286,, 
1118,71.7509,327,, 
1119,71.8208,292,, 
1120,71.8906,294,, 
1121,71.9605,292,, 
1122,72.0303,318,, 
1123,72.1002,306,, 
1124,72.1701,308,, 
1125,72.24,296,, 
1126,72.3099,310,, 
1127,72.3798,286,, 
1128,72.4498,307,, 
1129,72.5197,331,, 
1130,72.5897,314,, 
1131,72.6596,296,, 
1132,72.7296,300,, 
1133,72.7996,297,, 
1134,72.8696,288,, 
1135,72.9396,322,, 
1136,73.0096,305,, 
1137,73.0797,280,, 
1138,73.1497,292,, 
1139,73.2198,292,, 
1140,73.2899,302,, 
1141,73.3599,311,, 
1142,73.43,315,, 
1143,73.5001,315,, 
1144,73.5702,295,, 
1145,73.6404,305,, 
1146,73.7105,283,, 
1147,73.7807,323,, 
1148,73.8508,299,, 
1149,73.921,322,, 
1150,73.9912,314,, 
1151,74.0614,303,, 
1152,74.1316,310,, 
1153,74.2018,341,, 
1154,74.272,324,, 
1155,74.3422,344,, 
1156,74.4125,352,, 
1157,74.4828,355,, 
1158,74.553,373,, 
1159,74.6233,336,, 
1160,74.6936,353,, 
1161,74.7639,320,, 
1162,74.8342,365,, 
1163,74.9046,308,, 
1164,74.9749,311,, 
1165,75.0453,318,, 
1166,75.1156,303,, 
1167,75.186,327,, 
1168,75.2564,321,, 
1169,75.3268,296,, 
1170,75.3972,317,, 
1171,75.4676,316,, 
1172,75.538,320,, 
1173,75.6085,326,, 
1174,75.6789,278,, 
1175,75.7494,326,, 
1176,75.8199,291,, 
1177,75.8904,346,, 
1178,75.9609,333,, 
1179,76.0314,325,, 
1180,76.1019,320,, 
1181,76.1724,328,, 
1182,76.243,313,, 
1183,76.3135,300,, 
1184,76.3841,313,, 
1185,76.4547,326,, 
1186,76.5253,312,, 
1187,76.5959,329,, 
1188,76.6665,356,, 
1189,76.7371,372,, 
1190,76.8077,359,, 
1191,76.8784,404,, 
1192,76.949,358,, 
1193,77.0197,373,, 
1194,77.0904,328,, 
1195,77.1611,361,, 
1196,77.2318,323,, 
1197,77.3025,338,, 
1198,77.3732,344,, 
1199,77.4439,312,, 
1200,77.5147,334,, 
1201,77.5854,334,, 
1202,77.6562,305,, 
1203,77.727,338,, 
1204,77.7978,334,, 
1205,77.8686,318,, 
1206,77.9394,308,, 
1207,78.0102,343,, 
1208,78.0811,351,, 
1209,78.1519,326,, 
1210,78.2228,347,, 
1211,78.2936,311,, 
1212,78.3645,322,, 
1213,78.4354,312,, 
1214,78.5063,336,, 
1215,78.5772,308,, 
1216,78.6482,329,, 
1217,78.7191,306,, 
1218,78.7901,358,, 
1219,78.861,324,, 
1220,78.932,339,, 
1221,79.003,322,, 
1222,79.074,353,, 
1223,79.145,343,, 
1224,79.216,345,, 
1225,79.287,406,, 
1226,79.3581,335,, 
1227,79.4291,363,, 
1228,79.5002,328,, 
1229,79.5713,324,, 
1230,79.6424,353,, 
1231,79.7134,353,, 
1232,79.7846,406,, 
1233,79.8557,327,, 
1234,79.9268,354,, 
1235,79.998,356,, 
1236,80.0691,335,, 
1237,80.1403,336,, 
1238,80.2114,365,, 
1239,80.2826,357,, 
1240,80.3538,335,, 
1241,80.425,407,, 
1242,80.4963,355,, 
1243,80.5675,395,, 
1244,80.6387,423,, 
1245,80.71,402,, 
1246,80.7813,362,, 
1247,80.8525,377,, 
1248,80.9238,393,, 
1249,80.9951,407,, 
1250,81.0664,369,, 
1251,81.1378,369,, 
1252,81.2091,428,, 
1253,81.2805,414,, 
1254,81.3518,378,, 
1255,81.4232,456,, 
1256,81.4946,380,, 
1257,81.566,446,, 
1258,81.6374,454,, 
1259,81.7088,403,, 
1260,81.7802,408,, 
1261,81.8516,447,, 
1262,81.9231,440,, 
1263,81.9945,457,, 
1264,82.066,436,, 
1265,82.1375,473,, 
1266,82.209,476,, 
1267,82.2805,466,, 
1268,82.352,469,, 
1269,82.4235,514,, 
1270,82.4951,498,, 
1271,82.5666,496,, 
1272,82.6382,562,, 
1273,82.7097,528,, 
1274,82.7813,502,, 
1275,82.8529,560,, 
1276,82.9245,528,, 
1277,82.9962,561,, 
1278,83.0678,574,, 
1279,83.1394,601,, 
1280,83.2111,610,, 
1281,83.2827,616,, 
1282,83.3544,619,, 
1283,83.4261,643,, 
1284,83.4978,655,, 
1285,83.5695,640,, 
1286,83.6412,637,, 
1287,83.7129,622,, 
1288,83.7847,663,, 
1289,83.8564,704,, 
1290,83.9282,700,, 
1291,84,661,, 
1292,84.0718,721,, 
1293,84.1436,684,, 
1294,84.2154,690,, 
1295,84.2872,649,, 
1296,84.359,652,, 
1297,84.4309,671,, 
1298,84.5027,667,, 
1299,84.5746,693,, 
1300,84.6465,671,, 
1301,84.7184,735,, 
1302,84.7903,682,, 
1303,84.8622,709,, 
1304,84.9341,671,, 
1305,85.006,736,, 
1306,85.078,745,, 
1307,85.1499,679,, 
1308,85.2219,724,, 
1309,85.2939,703,, 
1310,85.3659,721,, 
1311,85.4379,711,, 
1312,85.5099,726,, 
1313,85.5819,754,, 
1314,85.6539,674,, 
1315,85.726,738,, 
1316,85.798,751,, 
1317,85.8701,717,, 
1318,85.9422,799,, 
1319,86.0143,655,, 
1320,86.0864,782,, 
1321,86.1585,750,, 
1322,86.2306,763,, 
1323,86.3028,762,, 
1324,86.3749,723,, 
1325,86.4471,755,, 
1326,86.5192,737,, 
1327,86.5914,825,, 
1328,86.6636,745,, 
1329,86.7358,736,, 
1330,86.808,773,, 
1331,86.8803,705,, 
1332,86.9525,787,, 
1333,87.0248,769,, 
1334,87.097,716,, 
1335,87.1693,780,, 
1336,87.2416,740,, 
1337,87.3139,761,, 
1338,87.3862,793,, 
1339,87.4585,751,, 
1340,87.5308,747,, 
1341,87.6032,797,, 
1342,87.6755,798,, 
1343,87.7479,732,, 
1344,87.8203,743,, 
1345,87.8926,732,, 
1346,87.965,769,, 
1347,88.0374,748,, 
1348,88.1099,713,, 
1349,88.1823,787,, 
1350,88.2547,718,, 
1351,88.3272,743,, 
1352,88.3997,780,, 
1353,88.4721,753,, 
1354,88.5446,747,, 
1355,88.6171,799,, 
1356,88.6896,746,, 
1357,88.7622,696,, 
1358,88.8347,757,, 
1359,88.9072,745,, 
1360,88.9798,768,, 
1361,89.0524,719,, 
1362,89.1249,730,, 
1363,89.1975,727,, 
1364,89.2701,819,, 
1365,89.3427,743,, 
1366,89.4154,702,, 
1367,89.488,739,, 
1368,89.5606,735,, 
1369,89.6333,725,, 
1370,89.706,736,, 
1371,89.7786,725,, 
1372,89.8513,730,, 
1373,89.924,739,, 
1374,89.9967,712,, 
1375,90.0695,765,, 
1376,90.1422,726,, 
1377,90.215,684,, 
1378,90.2877,755,, 
1379,90.3605,671,, 
1380,90.4333,768,, 
1381,90.5061,717,, 
1382,90.5789,737,, 
1383,90.6517,666,, 
1384,90.7245,690,, 
1385,90.7973,718,, 
1386,90.8702,713,, 
1387,90.9431,697,, 
1388,91.0159,689,, 
1389,91.0888,744,, 
1390,91.1617,684,, 
1391,91.2346,705,, 
1392,91.3075,626,, 
1393,91.3805,699,, 
1394,91.4534,681,, 
1395,91.5263,666,, 
1396,91.5993,659,, 
1397,91.6723,693,, 
1398,91.7453,674,, 
1399,91.8183,653,, 
1400,91.8913,666,, 
1401,91.9643,661,, 
1402,92.0373,672,, 
1403,92.1104,640,, 
1404,92.1834,663,, 
1405,92.2565,636,, 
1406,92.3295,664,, 
1407,92.4026,653,, 
1408,92.4757,619,, 
1409,92.5488,646,, 
1410,92.622,671,, 
1411,92.6951,671,, 
1412,92.7682,600,, 
1413,92.8414,629,, 
1414,92.9146,618,, 
1415,92.9877,604,, 
1416,93.0609,563,, 
1417,93.1341,627,, 
1418,93.2073,631,, 
1419,93.2806,595,, 
1420,93.3538,649,, 
1421,93.427,608,, 
1422,93.5003,610,, 
1423,93.5736,595,, 
1424,93.6468,624,, 
1425,93.7201,599,, 
1426,93.7934,570,, 
1427,93.8667,615,, 
1428,93.9401,622,, 
1429,94.0134,588,, 
1430,94.0867,639,, 
1431,94.1601,599,, 
1432,94.2335,580,, 
1433,94.3068,522,, 
1434,94.3802,552,, 
1435,94.4536,590,, 
1436,94.5271,558,, 
1437,94.6005,573,, 
1438,94.6739,547,, 
1439,94.7474,539,, 
1440,94.8208,550,, 
1441,94.8943,545,, 
1442,94.9678,543,, 
1443,95.0413,591,, 
1444,95.1148,557,, 
1445,95.1883,535,, 
1446,95.2618,538,, 
1447,95.3354,542,, 
1448,95.4089,568,, 
1449,95.4825,535,, 
1450,95.556,536,, 
1451,95.6296,508,, 
1452,95.7032,519,, 
1453,95.7768,548,, 
1454,95.8504,532,, 
1455,95.9241,533,, 
1456,95.9977,500,, 
1457,96.0714,530,, 
1458,96.145,522,, 
1459,96.2187,526,, 
1460,96.2924,503,, 
1461,96.3661,542,, 
1462,96.4398,471,, 
1463,96.5135,502,, 
1464,96.5872,492,, 
1465,96.661,517,, 
1466,96.7347,484,, 
1467,96.8085,465,, 
1468,96.8823,531,, 
1469,96.9561,479,, 
1470,97.0299,423,, 
1471,97.1037,488,, 
1472,97.1775,470,, 
1473,97.2513,488,, 
1474,97.3252,531,, 
1475,97.399,511,, 
1476,97.4729,510,, 
1477,97.5468,522,, 
1478,97.6207,485,, 
1479,97.6946,512,, 
1480,97.7685,464,, 
1481,97.8424,486,, 
1482,97.9163,470,, 
1483,97.9903,470,, 
1484,98.0642,476,, 
1485,98.1382,476,, 
1486,98.2122,477,, 
1487,98.2862,461,, 
1488,98.3602,507,, 
1489,98.4342,476,, 
1490,98.5082,445,, 
1491,98.5822,478,, 
1492,98.6563,475,, 
1493,98.7303,443,, 
1494,98.8044,523,, 
1495,98.8785,473,, 
1496,98.9526,446,, 
1497,99.0267,456,, 
1498,99.1008,446,, 
1499,99.1749,480,, 
1500,99.2491,456,, 
1501,99.3232,469,, 
1502,99.3974,495,, 
1503,99.4716,448,, 
1504,99.5457,432,, 
1505,99.6199,462,, 
1506,99.6941,443,, 
1507,99.7684,424,, 
1508,99.8426,448,, 
1509,99.9168,413,, 
1510,99.9911,427,, 
1511,100.065,474,, 
1512,100.14,467,, 
1513,100.214,443,, 
1514,100.288,420,, 
1515,100.362,430,, 
1516,100.437,429,, 
1517,100.511,432,, 
1518,100.585,429,, 
1519,100.66,440,, 
1520,100.734,397,, 
1521,100.809,428,, 
1522,100.883,473,, 
1523,100.957,443,, 
1524,101.032,438,, 
1525,101.106,423,, 
1526,101.181,419,, 
1527,101.255,375,, 
1528,101.33,464,, 
1529,101.404,410,, 
1530,101.478,428,, 
1531,101.553,414,, 
1532,101.627,410,, 
1533,101.702,429,, 
1534,101.776,414,, 
1535,101.851,384,, 
1536,101.926,423,, 
1537,102,417,, 
1538,102.075,407,, 
1539,102.149,413,, 
1540,102.224,417,, 
1541,102.298,431,, 
1542,102.373,434,, 
1543,102.448,405,, 
1544,102.522,405,, 
1545,102.597,414,, 
1546,102.672,390,, 
1547,102.746,376,, 
1548,102.821,412,, 
1549,102.896,405,, 
1550,102.97,421,, 
1551,103.045,383,, 
1552,103.12,359,, 
1553,103.195,388,, 
1554,103.269,438,, 
1555,103.344,365,, 
1556,103.419,363,, 
1557,103.494,368,, 
1558,103.568,404,, 
1559,103.643,403,, 
1560,103.718,384,, 
1561,103.793,415,, 
1562,103.868,411,, 
1563,103.943,365,, 
1564,104.017,357,, 
1565,104.092,406,, 
1566,104.167,399,, 
1567,104.242,410,, 
1568,104.317,384,, 
1569,104.392,369,, 
1570,104.467,371,, 
1571,104.542,378,, 
1572,104.617,358,, 
1573,104.692,370,, 
1574,104.767,361,, 
1575,104.842,344,, 
1576,104.917,334,, 
1577,104.992,356,, 
1578,105.067,370,, 
1579,105.142,339,, 
1580,105.217,362,, 
1581,105.292,387,, 
1582,105.367,379,, 
1583,105.442,353,, 
1584,105.517,380,, 
1585,105.592,385,, 
1586,105.667,367,, 
1587,105.742,387,, 
1588,105.817,379,, 
1589,105.893,367,, 
1590,105.968,356,, 
1591,106.043,359,, 
1592,106.118,362,, 
1593,106.193,367,, 
1594,106.268,384,, 
1595,106.344,379,, 
1596,106.419,373,, 
1597,106.494,368,, 
1598,106.569,355,, 
1599,106.645,373,, 
1600,106.72,380,, 
1601,106.795,356,, 
1602,106.87,337,, 
1603,106.946,384,, 
1604,107.021,383,, 
1605,107.096,340,, 
1606,107.172,390,, 
1607,107.247,387,, 
1608,107.322,334,, 
1609,107.398,393,, 
1610,107.473,351,, 
1611,107.549,369,, 
1612,107.624,352,, 
1613,107.699,345,, 
1614,107.775,355,, 
1615,107.85,365,, 
1616,107.926,364,, 
1617,108.001,360,, 
1618,108.077,343,, 
1619,108.152,360,, 
1620,108.228,323,, 
1621,108.303,362,, 
1622,108.379,374,, 
1623,108.454,326,, 
1624,108.53,372,, 
1625,108.605,319,, 
1626,108.681,321,, 
1627,108.756,357,, 
1628,108.832,365,, 
1629,108.908,348,, 
1630,108.983,324,, 
1631,109.059,340,, 
1632,109.134,341,, 
1633,109.21,370,, 
1634,109.286,344,, 
1635,109.361,340,, 
1636,109.437,347,, 
1637,109.513,380,, 
1638,109.588,321,, 
1639,109.664,345,, 
1640,109.74,351,, 
1641,109.816,337,, 
1642,109.891,355,, 
1643,109.967,339,, 
1644,110.043,346,, 
1645,110.119,339,, 
1646,110.194,314,, 
1647,110.27,367,, 
1648,110.346,353,, 
1649,110.422,322,, 
1650,110.498,363,, 
1651,110.574,332,, 
1652,110.649,331,, 
1653,110.725,341,, 
1654,110.801,342,, 
1655,110.877,309,, 
1656,110.953,298,, 
1657,111.029,368,, 
1658,111.105,360,, 
1659,111.181,316,, 
1660,111.257,327,, 
1661,111.333,361,, 
1662,111.409,324,, 
1663,111.485,345,, 
1664,111.561,311,, 
1665,111.637,367,, 
1666,111.713,317,, 
1667,111.789,305,, 
1668,111.865,363,, 
1669,111.941,351,, 
1670,112.017,301,, 
1671,112.093,353,, 
1672,112.169,371,, 
1673,112.245,369,, 
1674,112.321,380,, 
1675,112.397,342,, 
1676,112.473,340,, 
1677,112.549,357,, 
1678,112.626,331,, 
1679,112.702,355,, 
1680,112.778,359,, 
1681,112.854,389,, 
1682,112.93,386,, 
1683,113.006,400,, 
1684,113.083,419,, 
1685,113.159,394,, 
1686,113.235,422,, 
1687,113.311,437,, 
1688,113.388,405,, 
1689,113.464,400,, 
1690,113.54,390,, 
1691,113.617,383,, 
1692,113.693,361,, 
1693,113.769,344,, 
1694,113.846,348,, 
1695,113.922,349,, 
1696,113.998,359,, 
1697,114.075,319,, 
1698,114.151,313,, 
1699,114.227,354,, 
1700,114.304,319,, 
1701,114.38,328,, 
1702,114.457,293,, 
1703,114.533,291,, 
1704,114.609,328,, 
1705,114.686,346,, 
1706,114.762,318,, 
1707,114.839,323,, 
1708,114.915,329,, 
1709,114.992,343,, 
1710,115.068,316,, 
1711,115.145,304,, 
1712,115.221,329,, 
1713,115.298,353,, 
1714,115.374,326,, 
1715,115.451,346,, 
1716,115.528,340,, 
1717,115.604,344,, 
1718,115.681,367,, 
1719,115.757,318,, 
1720,115.834,321,, 
1721,115.911,317,, 
1722,115.987,343,, 
1723,116.064,314,, 
1724,116.141,344,, 
1725,116.217,312,, 
1726,116.294,335,, 
1727,116.371,344,, 
1728,116.447,329,, 
1729,116.524,365,, 
1730,116.601,366,, 
1731,116.678,323,, 
1732,116.754,339,, 
1733,116.831,329,, 
1734,116.908,353,, 
1735,116.985,340,, 
1736,117.062,337,, 
1737,117.138,356,, 
1738,117.215,369,, 
1739,117.292,372,, 
1740,117.369,347,, 
1741,117.446,354,, 
1742,117.523,388,, 
1743,117.6,372,, 
1744,117.676,342,, 
1745,117.753,378,, 
1746,117.83,376,, 
1747,117.907,365,, 
1748,117.984,376,, 
1749,118.061,375,, 
1750,118.138,371,, 
1751,118.215,361,, 
1752,118.292,371,, 
1753,118.369,333,, 
1754,118.446,388,, 
1755,118.523,385,, 
1756,118.6,364,, 
1757,118.677,373,, 
1758,118.754,322,, 
1759,118.831,363,, 
1760,118.908,388,, 
1761,118.985,365,, 
1762,119.062,360,, 
1763,119.14,357,, 
1764,119.217,365,, 
1765,119.294,412,, 
1766,119.371,366,, 
1767,119.448,391,, 
1768,119.525,380,, 
1769,119.602,419,, 
1770,119.68,384,, 
1771,119.757,392,, 
1772,119.834,362,, 
1773,119.911,417,, 
1774,119.989,425,, 
1775,120.066,410,, 
1776,120.143,411,, 
1777,120.22,408,, 
1778,120.298,446,, 
1779,120.375,413,, 
1780,120.452,440,, 
1781,120.529,403,, 
1782,120.607,450,, 
1783,120.684,428,, 
1784,120.761,442,, 
1785,120.839,474,, 
1786,120.916,480,, 
1787,120.994,448,, 
1788,121.071,452,, 
1789,121.148,467,, 
1790,121.226,486,, 
1791,121.303,491,, 
1792,121.381,502,, 
1793,121.458,539,, 
1794,121.536,527,, 
1795,121.613,558,, 
1796,121.691,580,, 
1797,121.768,622,, 
1798,121.846,676,, 
1799,121.923,710,, 
1800,122.001,840,, 
1801,122.078,1064,, 
1802,122.156,1612,, 
1803,122.233,2605,, 
1804,122.311,4771,, 
1805,122.388,8346,, 
1806,122.466,13568,, 
1807,122.544,21547,, 
1808,122.621,30451,, 
1809,122.699,40691,, 
1810,122.776,50166,, 
1811,122.854,56980,, 
1812,122.932,58788,, 
1813,123.009,56604,, 
1814,123.087,48998,, 
1815,123.165,39218,, 
1816,123.243,29103,, 
1817,123.32,19880,, 
1818,123.398,12330,, 
1819,123.476,7023,, 
1820,123.553,3781,, 
1821,123.631,1827,, 
1822,123.709,932,, 
1823,123.787,493,, 
1824,123.865,269,, 
1825,123.942,172,, 
1826,124.02,172,, 
1827,124.098,167,, 
1828,124.176,145,, 
1829,124.254,171,, 
1830,124.332,144,, 
1831,124.41,139,, 
1832,124.487,124,, 
1833,124.565,158,, 
1834,124.643,144,, 
1835,124.721,152,, 
1836,124.799,163,, 
1837,124.877,158,, 
1838,124.955,134,, 
1839,125.033,145,, 
1840,125.111,148,, 
1841,125.189,134,, 
1842,125.267,151,, 
1843,125.345,161,, 
1844,125.423,147,, 
1845,125.501,145,, 
1846,125.579,157,, 
1847,125.657,167,, 
1848,125.735,151,, 
1849,125.813,143,, 
1850,125.891,140,, 
1851,125.969,145,, 
1852,126.048,142,, 
1853,126.126,139,, 
1854,126.204,172,, 
1855,126.282,167,, 
1856,126.36,146,, 
1857,126.438,158,, 
1858,126.517,142,, 
1859,126.595,160,, 
1860,126.673,164,, 
1861,126.751,181,, 
1862,126.829,164,, 
1863,126.908,167,, 
1864,126.986,162,, 
1865,127.064,155,, 
1866,127.142,159,, 
1867,127.221,168,, 
1868,127.299,174,, 
1869,127.377,145,, 
1870,127.456,144,, 
1871,127.534,187,, 
1872,127.612,160,, 
1873,127.691,157,, 
1874,127.769,185,, 
1875,127.847,157,, 
1876,127.926,147,, 
1877,128.004,165,, 
1878,128.083,136,, 
1879,128.161,165,, 
1880,128.239,156,, 
1881,128.318,157,, 
1882,128.396,151,, 
1883,128.475,146,, 
1884,128.553,159,, 
1885,128.632,159,, 
1886,128.71,165,, 
1887,128.789,158,, 
1888,128.867,179,, 
1889,128.946,156,, 
1890,129.024,180,, 
1891,129.103,156,, 
1892,129.181,166,, 
1893,129.26,156,, 
1894,129.339,166,, 
1895,129.417,165,, 
1896,129.496,171,, 
1897,129.574,179,, 
1898,129.653,153,, 
1899,129.732,141,, 
1900,129.81,148,, 
1901,129.889,159,, 
1902,129.968,136,, 
1903,130.046,149,, 
1904,130.125,148,, 
1905,130.204,140,, 
1906,130.283,165,, 
1907,130.361,142,, 
1908,130.44,137,, 
1909,130.519,129,, 
1910,130.598,139,, 
1911,130.676,142,, 
1912,130.755,153,, 
1913,130.834,133,, 
1914,130.913,130,, 
1915,130.992,142,, 
1916,131.07,163,, 
1917,131.149,138,, 
1918,131.228,142,, 
1919,131.307,140,, 
1920,131.386,142,, 
1921,131.465,168,, 
1922,131.544,162,, 
1923,131.623,159,, 
1924,131.702,139,, 
1925,131.781,130,, 
1926,131.859,143,, 
1927,131.938,124,, 
1928,132.017,158,, 
1929,132.096,134,, 
1930,132.175,134,, 
1931,132.254,136,, 
1932,132.333,130,, 
1933,132.412,161,, 
1934,132.492,148,, 
1935,132.571,159,, 
1936,132.65,156,, 
1937,132.729,144,, 
1938,132.808,176,, 
1939,132.887,160,, 
1940,132.966,145,, 
1941,133.045,137,, 
1942,133.124,148,, 
1943,133.203,145,, 
1944,133.283,170,, 
1945,133.362,158,, 
1946,133.441,141,, 
1947,133.52,157,, 
1948,133.599,146,, 
1949,133.678,158,, 
1950,133.758,151,, 
1951,133.837,170,, 
1952,133.916,142,, 
1953,133.995,141,, 
1954,134.075,139,, 
1955,134.154,154,, 
1956,134.233,154,, 
1957,134.313,150,, 
1958,134.392,158,, 
1959,134.471,151,, 
1960,134.551,165,, 
1961,134.63,177,, 
1962,134.709,174,, 
1963,134.789,191,, 
1964,134.868,194,, 
1965,134.947,200,, 
1966,135.027,268,, 
1967,135.106,362,, 
1968,135.186,554,, 
1969,135.265,889,, 
1970,135.345,1404,, 
1971,135.424,2235,, 
1972,135.503,3237,, 
1973,135.583,4263,, 
1974,135.662,5338,, 
1975,135.742,5733,, 
1976,135.821,6147,, 
1977,135.901,5863,, 
1978,135.981,5162,, 
1979,136.06,4131,, 
1980,136.14,2953,, 
1981,136.219,1989,, 
1982,136.299,1239,, 
1983,136.378,734,, 
1984,136.458,451,, 
1985,136.538,289,, 
1986,136.617,199,, 
1987,136.697,175,, 
1988,136.777,148,, 
1989,136.856,131,, 
1990,136.936,140,, 
1991,137.016,126,, 
1992,137.095,130,, 
1993,137.175,123,, 
1994,137.255,130,, 
1995,137.334,121,, 
1996,137.414,125,, 
1997,137.494,103,, 
1998,137.574,111,, 
1999,137.653,131,, 
2000,137.733,137,, 
2001,137.813,126,, 
2002,137.893,124,, 
2003,137.973,116,, 
2004,138.053,100,, 
2005,138.132,128,, 
2006,138.212,126,, 
2007,138.292,133,, 
2008,138.372,117,, 
2009,138.452,125,, 
2010,138.532,117,, 
2011,138.612,117,, 
2012,138.692,100,, 
2013,138.772,106,, 
2014,138.851,115,, 
2015,138.931,122,, 
2016,139.011,113,, 
2017,139.091,128,, 
2018,139.171,111,, 
2019,139.251,111,, 
2020,139.331,97,, 
2021,139.411,115,, 
2022,139.491,126,, 
2023,139.572,107,, 
2024,139.652,108,, 
2025,139.732,123,, 
2026,139.812,121,, 
2027,139.892,117,, 
2028,139.972,101,, 
2029,140.052,100,, 
2030,140.132,112,, 
2031,140.212,113,, 
2032,140.292,123,, 
2033,140.373,112,, 
2034,140.453,103,, 
2035,140.533,101,, 
2036,140.613,107,, 
2037,140.693,102,, 
2038,140.774,125,, 
2039,140.854,124,, 
2040,140.934,139,, 
2041,141.014,102,, 
2042,141.095,117,, 
2043,141.175,114,, 
2044,141.255,88,, 
2045,141.335,1,, 
2046,141.416,0,, 
2047,141.496,0,, 
