0,3.76567,0,, 
1,3.81021,0,, 
2,3.85477,0,, 
3,3.89936,0,, 
4,3.94396,0,, 
5,3.9886,0,, 
6,4.03325,0,, 
7,4.07792,0,, 
8,4.12262,0,, 
9,4.16735,0,, 
10,4.21209,0,, 
11,4.25686,0,, 
12,4.30165,0,, 
13,4.34646,0,, 
14,4.3913,0,, 
15,4.43616,1,, 
16,4.48104,42,, 
17,4.52595,44,, 
18,4.57088,47,, 
19,4.61583,28,, 
20,4.6608,24,, 
21,4.7058,23,, 
22,4.75082,46,, 
23,4.79586,27,, 
24,4.84093,29,, 
25,4.88601,34,, 
26,4.93113,29,, 
27,4.97626,22,, 
28,5.02142,38,, 
29,5.0666,21,, 
30,5.1118,22,, 
31,5.15703,39,, 
32,5.20228,42,, 
33,5.24755,27,, 
34,5.29284,22,, 
35,5.33816,30,, 
36,5.3835,36,, 
37,5.42887,25,, 
38,5.47425,30,, 
39,5.51966,36,, 
40,5.56509,26,, 
41,5.61055,26,, 
42,5.65603,31,, 
43,5.70153,28,, 
44,5.74705,20,, 
45,5.7926,32,, 
46,5.83817,37,, 
47,5.88376,38,, 
48,5.92938,35,, 
49,5.97501,30,, 
50,6.02068,32,, 
51,6.06636,40,, 
52,6.11207,39,, 
53,6.1578,33,, 
54,6.20355,38,, 
55,6.24933,31,, 
56,6.29512,38,, 
57,6.34095,32,, 
58,6.38679,19,, 
59,6.43266,26,, 
60,6.47855,18,, 
61,6.52446,21,, 
62,6.5704,13,, 
63,6.61636,16,, 
64,6.66234,18,, 
65,6.70834,18,, 
66,6.75437,14,, 
67,6.80042,8,, 
68,6.8465,15,, 
69,6.89259,17,, 
70,6.93871,26,, 
71,6.98486,28,, 
72,7.03102,21,, 
73,7.07721,18,, 
74,7.12342,19,, 
75,7.16965,15,, 
76,7.21591,11,, 
77,7.26219,7,, 
78,7.30849,11,, 
79,7.35482,14,, 
80,7.40117,5,, 
81,7.44754,10,, 
82,7.49393,10,, 
83,7.54035,10,, 
84,7.58679,8,, 
85,7.63325,6,, 
86,7.67974,7,, 
87,7.72625,6,, 
88,7.77278,9,, 
89,7.81934,8,, 
90,7.86591,4,, 
91,7.91251,6,, 
92,7.95914,9,, 
93,8.00578,7,, 
94,8.05245,8,, 
95,8.09915,11,, 
96,8.14586,13,, 
97,8.1926,19,, 
98,8.23936,25,, 
99,8.28614,33,, 
100,8.33295,25,, 
101,8.37978,32,, 
102,8.42663,31,, 
103,8.47351,25,, 
104,8.52041,16,, 
105,8.56733,11,, 
106,8.61427,12,, 
107,8.66124,12,, 
108,8.70823,8,, 
109,8.75524,7,, 
110,8.80228,15,, 
111,8.84934,11,, 
112,8.89642,7,, 
113,8.94352,10,, 
114,8.99065,5,, 
115,9.0378,8,, 
116,9.08497,5,, 
117,9.13217,9,, 
118,9.17939,5,, 
119,9.22663,6,, 
120,9.2739,3,, 
121,9.32118,6,, 
122,9.3685,3,, 
123,9.41583,2,, 
124,9.46319,2,, 
125,9.51057,3,, 
126,9.55797,2,, 
127,9.60539,4,, 
128,9.65284,6,, 
129,9.70031,7,, 
130,9.74781,2,, 
131,9.79532,2,, 
132,9.84286,4,, 
133,9.89043,6,, 
134,9.93801,5,, 
135,9.98562,10,, 
136,10.0333,4,, 
137,10.0809,3,, 
138,10.1286,2,, 
139,10.1763,3,, 
140,10.224,4,, 
141,10.2718,4,, 
142,10.3195,6,, 
143,10.3673,1,, 
144,10.4151,4,, 
145,10.463,1,, 
146,10.5108,4,, 
147,10.5587,2,, 
148,10.6066,5,, 
149,10.6545,6,, 
150,10.7025,7,, 
151,10.7505,3,, 
152,10.7985,4,, 
153,10.8465,4,, 
154,10.8945,3,, 
155,10.9426,4,, 
156,10.9907,5,, 
157,11.0388,7,, 
158,11.0869,5,, 
159,11.1351,7,, 
160,11.1833,3,, 
161,11.2315,5,, 
162,11.2797,4,, 
163,11.328,7,, 
164,11.3762,6,, 
165,11.4245,5,, 
166,11.4728,6,, 
167,11.5212,3,, 
168,11.5696,2,, 
169,11.6179,3,, 
170,11.6664,4,, 
171,11.7148,4,, 
172,11.7632,3,, 
173,11.8117,5,, 
174,11.8602,2,, 
175,11.9087,2,, 
176,11.9573,3,, 
177,12.0059,4,, 
178,12.0545,4,, 
179,12.1031,4,, 
180,12.1517,5,, 
181,12.2004,2,, 
182,12.2491,4,, 
183,12.2978,4,, 
184,12.3465,8,, 
185,12.3953,3,, 
186,12.444,1,, 
187,12.4928,1,, 
188,12.5417,5,, 
189,12.5905,6,, 
190,12.6394,4,, 
191,12.6883,8,, 
192,12.7372,7,, 
193,12.7861,5,, 
194,12.8351,9,, 
195,12.8841,4,, 
196,12.9331,6,, 
197,12.9821,11,, 
198,13.0311,6,, 
199,13.0802,7,, 
200,13.1293,6,, 
201,13.1784,3,, 
202,13.2276,3,, 
203,13.2767,3,, 
204,13.3259,4,, 
205,13.3751,4,, 
206,13.4244,4,, 
207,13.4736,5,, 
208,13.5229,6,, 
209,13.5722,1,, 
210,13.6216,4,, 
211,13.6709,1,, 
212,13.7203,4,, 
213,13.7697,2,, 
214,13.8191,2,, 
215,13.8685,8,, 
216,13.918,8,, 
217,13.9675,8,, 
218,14.017,3,, 
219,14.0665,10,, 
220,14.1161,16,, 
221,14.1657,27,, 
222,14.2153,31,, 
223,14.2649,54,, 
224,14.3145,49,, 
225,14.3642,78,, 
226,14.4139,85,, 
227,14.4636,80,, 
228,14.5133,59,, 
229,14.5631,40,, 
230,14.6129,24,, 
231,14.6627,17,, 
232,14.7125,5,, 
233,14.7624,5,, 
234,14.8123,1,, 
235,14.8622,1,, 
236,14.9121,3,, 
237,14.962,1,, 
238,15.012,4,, 
239,15.062,3,, 
240,15.112,6,, 
241,15.162,3,, 
242,15.2121,4,, 
243,15.2622,2,, 
244,15.3123,1,, 
245,15.3624,1,, 
246,15.4126,1,, 
247,15.4627,3,, 
248,15.5129,8,, 
249,15.5632,1,, 
250,15.6134,0,, 
251,15.6637,9,, 
252,15.714,3,, 
253,15.7643,2,, 
254,15.8146,4,, 
255,15.865,6,, 
256,15.9153,1,, 
257,15.9657,4,, 
258,16.0162,5,, 
259,16.0666,0,, 
260,16.1171,3,, 
261,16.1676,4,, 
262,16.2181,8,, 
263,16.2686,2,, 
264,16.3192,4,, 
265,16.3698,4,, 
266,16.4204,5,, 
267,16.471,1,, 
268,16.5217,2,, 
269,16.5724,2,, 
270,16.6231,2,, 
271,16.6738,5,, 
272,16.7245,4,, 
273,16.7753,5,, 
274,16.8261,1,, 
275,16.8769,2,, 
276,16.9278,3,, 
277,16.9786,4,, 
278,17.0295,4,, 
279,17.0804,6,, 
280,17.1313,2,, 
281,17.1823,2,, 
282,17.2333,4,, 
283,17.2843,5,, 
284,17.3353,4,, 
285,17.3863,4,, 
286,17.4374,3,, 
287,17.4885,4,, 
288,17.5396,3,, 
289,17.5908,4,, 
290,17.6419,3,, 
291,17.6931,4,, 
292,17.7443,3,, 
293,17.7955,5,, 
294,17.8468,4,, 
295,17.8981,1,, 
296,17.9493,6,, 
297,18.0007,3,, 
298,18.052,4,, 
299,18.1034,3,, 
300,18.1548,1,, 
301,18.2062,3,, 
302,18.2576,1,, 
303,18.3091,4,, 
304,18.3605,5,, 
305,18.4121,1,, 
306,18.4636,1,, 
307,18.5151,7,, 
308,18.5667,1,, 
309,18.6183,4,, 
310,18.6699,4,, 
311,18.7216,1,, 
312,18.7732,1,, 
313,18.8249,3,, 
314,18.8766,1,, 
315,18.9283,1,, 
316,18.9801,2,, 
317,19.0319,1,, 
318,19.0837,2,, 
319,19.1355,3,, 
320,19.1873,0,, 
321,19.2392,3,, 
322,19.2911,5,, 
323,19.343,4,, 
324,19.395,2,, 
325,19.4469,2,, 
326,19.4989,3,, 
327,19.5509,3,, 
328,19.6029,3,, 
329,19.655,3,, 
330,19.7071,2,, 
331,19.7592,7,, 
332,19.8113,2,, 
333,19.8634,2,, 
334,19.9156,2,, 
335,19.9678,1,, 
336,20.02,3,, 
337,20.0722,4,, 
338,20.1245,4,, 
339,20.1768,2,, 
340,20.2291,5,, 
341,20.2814,0,, 
342,20.3338,2,, 
343,20.3861,3,, 
344,20.4385,3,, 
345,20.491,1,, 
346,20.5434,5,, 
347,20.5959,1,, 
348,20.6484,2,, 
349,20.7009,3,, 
350,20.7534,4,, 
351,20.806,1,, 
352,20.8585,4,, 
353,20.9111,5,, 
354,20.9638,3,, 
355,21.0164,1,, 
356,21.0691,4,, 
357,21.1218,3,, 
358,21.1745,6,, 
359,21.2272,2,, 
360,21.28,0,, 
361,21.3328,3,, 
362,21.3856,2,, 
363,21.4384,2,, 
364,21.4913,4,, 
365,21.5442,1,, 
366,21.5971,2,, 
367,21.65,5,, 
368,21.7029,6,, 
369,21.7559,2,, 
370,21.8089,5,, 
371,21.8619,2,, 
372,21.9149,3,, 
373,21.968,3,, 
374,22.0211,2,, 
375,22.0742,1,, 
376,22.1273,3,, 
377,22.1805,2,, 
378,22.2336,3,, 
379,22.2868,1,, 
380,22.3401,3,, 
381,22.3933,1,, 
382,22.4466,3,, 
383,22.4999,2,, 
384,22.5532,1,, 
385,22.6065,1,, 
386,22.6599,1,, 
387,22.7133,2,, 
388,22.7667,3,, 
389,22.8201,4,, 
390,22.8735,1,, 
391,22.927,0,, 
392,22.9805,3,, 
393,23.034,1,, 
394,23.0876,4,, 
395,23.1411,3,, 
396,23.1947,1,, 
397,23.2483,3,, 
398,23.302,2,, 
399,23.3556,1,, 
400,23.4093,3,, 
401,23.463,4,, 
402,23.5167,2,, 
403,23.5705,3,, 
404,23.6242,3,, 
405,23.678,2,, 
406,23.7319,1,, 
407,23.7857,1,, 
408,23.8396,2,, 
409,23.8934,4,, 
410,23.9474,2,, 
411,24.0013,4,, 
412,24.0552,3,, 
413,24.1092,3,, 
414,24.1632,1,, 
415,24.2172,2,, 
416,24.2713,3,, 
417,24.3254,1,, 
418,24.3794,1,, 
419,24.4336,3,, 
420,24.4877,1,, 
421,24.5419,2,, 
422,24.596,5,, 
423,24.6502,5,, 
424,24.7045,4,, 
425,24.7587,4,, 
426,24.813,4,, 
427,24.8673,1,, 
428,24.9216,3,, 
429,24.976,4,, 
430,25.0303,5,, 
431,25.0847,5,, 
432,25.1391,1,, 
433,25.1936,2,, 
434,25.248,2,, 
435,25.3025,3,, 
436,25.357,2,, 
437,25.4115,4,, 
438,25.4661,4,, 
439,25.5207,2,, 
440,25.5753,1,, 
441,25.6299,2,, 
442,25.6845,0,, 
443,25.7392,2,, 
444,25.7939,2,, 
445,25.8486,3,, 
446,25.9033,1,, 
447,25.9581,7,, 
448,26.0128,4,, 
449,26.0676,2,, 
450,26.1225,3,, 
451,26.1773,4,, 
452,26.2322,1,, 
453,26.2871,1,, 
454,26.342,2,, 
455,26.3969,2,, 
456,26.4519,2,, 
457,26.5069,1,, 
458,26.5619,5,, 
459,26.6169,1,, 
460,26.672,1,, 
461,26.7271,2,, 
462,26.7822,1,, 
463,26.8373,6,, 
464,26.8924,0,, 
465,26.9476,4,, 
466,27.0028,4,, 
467,27.058,2,, 
468,27.1132,2,, 
469,27.1685,3,, 
470,27.2238,3,, 
471,27.2791,2,, 
472,27.3344,2,, 
473,27.3898,5,, 
474,27.4451,2,, 
475,27.5005,2,, 
476,27.556,3,, 
477,27.6114,8,, 
478,27.6669,4,, 
479,27.7224,2,, 
480,27.7779,4,, 
481,27.8334,3,, 
482,27.889,1,, 
483,27.9445,5,, 
484,28.0001,1,, 
485,28.0558,4,, 
486,28.1114,3,, 
487,28.1671,3,, 
488,28.2228,3,, 
489,28.2785,1,, 
490,28.3342,2,, 
491,28.39,4,, 
492,28.4458,2,, 
493,28.5016,3,, 
494,28.5574,0,, 
495,28.6133,3,, 
496,28.6692,4,, 
497,28.7251,1,, 
498,28.781,4,, 
499,28.837,1,, 
500,28.8929,1,, 
501,28.9489,1,, 
502,29.0049,2,, 
503,29.061,5,, 
504,29.117,2,, 
505,29.1731,5,, 
506,29.2292,6,, 
507,29.2854,5,, 
508,29.3415,2,, 
509,29.3977,5,, 
510,29.4539,2,, 
511,29.5101,1,, 
512,29.5663,3,, 
513,29.6226,2,, 
514,29.6789,4,, 
515,29.7352,3,, 
516,29.7916,4,, 
517,29.8479,2,, 
518,29.9043,2,, 
519,29.9607,2,, 
520,30.0171,0,, 
521,30.0736,2,, 
522,30.1301,2,, 
523,30.1866,2,, 
524,30.2431,1,, 
525,30.2996,4,, 
526,30.3562,6,, 
527,30.4128,2,, 
528,30.4694,2,, 
529,30.526,0,, 
530,30.5827,4,, 
531,30.6394,1,, 
532,30.6961,2,, 
533,30.7528,2,, 
534,30.8095,2,, 
535,30.8663,1,, 
536,30.9231,5,, 
537,30.9799,2,, 
538,31.0368,4,, 
539,31.0936,2,, 
540,31.1505,5,, 
541,31.2074,5,, 
542,31.2644,2,, 
543,31.3213,2,, 
544,31.3783,4,, 
545,31.4353,9,, 
546,31.4923,3,, 
547,31.5494,5,, 
548,31.6064,5,, 
549,31.6635,1,, 
550,31.7206,2,, 
551,31.7778,4,, 
552,31.8349,3,, 
553,31.8921,3,, 
554,31.9493,2,, 
555,32.0066,2,, 
556,32.0638,2,, 
557,32.1211,2,, 
558,32.1784,3,, 
559,32.2357,1,, 
560,32.2931,1,, 
561,32.3504,3,, 
562,32.4078,5,, 
563,32.4652,4,, 
564,32.5227,2,, 
565,32.5801,2,, 
566,32.6376,2,, 
567,32.6951,3,, 
568,32.7526,4,, 
569,32.8102,5,, 
570,32.8678,1,, 
571,32.9254,2,, 
572,32.983,3,, 
573,33.0406,2,, 
574,33.0983,1,, 
575,33.156,2,, 
576,33.2137,4,, 
577,33.2714,3,, 
578,33.3292,6,, 
579,33.387,4,, 
580,33.4448,5,, 
581,33.5026,1,, 
582,33.5604,3,, 
583,33.6183,2,, 
584,33.6762,3,, 
585,33.7341,2,, 
586,33.7921,3,, 
587,33.85,4,, 
588,33.908,4,, 
589,33.966,2,, 
590,34.024,7,, 
591,34.0821,2,, 
592,34.1402,3,, 
593,34.1983,3,, 
594,34.2564,1,, 
595,34.3146,2,, 
596,34.3727,2,, 
597,34.4309,2,, 
598,34.4891,2,, 
599,34.5474,3,, 
600,34.6056,5,, 
601,34.6639,2,, 
602,34.7222,3,, 
603,34.7805,3,, 
604,34.8389,3,, 
605,34.8973,3,, 
606,34.9557,2,, 
607,35.0141,3,, 
608,35.0725,4,, 
609,35.131,5,, 
610,35.1895,3,, 
611,35.248,2,, 
612,35.3065,2,, 
613,35.3651,1,, 
614,35.4237,3,, 
615,35.4823,5,, 
616,35.5409,1,, 
617,35.5996,1,, 
618,35.6582,1,, 
619,35.7169,4,, 
620,35.7757,1,, 
621,35.8344,2,, 
622,35.8932,1,, 
623,35.952,1,, 
624,36.0108,1,, 
625,36.0696,4,, 
626,36.1285,3,, 
627,36.1873,3,, 
628,36.2462,2,, 
629,36.3052,2,, 
630,36.3641,2,, 
631,36.4231,0,, 
632,36.4821,2,, 
633,36.5411,1,, 
634,36.6001,2,, 
635,36.6592,2,, 
636,36.7183,1,, 
637,36.7774,1,, 
638,36.8365,1,, 
639,36.8957,0,, 
640,36.9549,2,, 
641,37.0141,2,, 
642,37.0733,2,, 
643,37.1325,1,, 
644,37.1918,2,, 
645,37.2511,2,, 
646,37.3104,1,, 
647,37.3697,0,, 
648,37.4291,2,, 
649,37.4885,0,, 
650,37.5479,2,, 
651,37.6073,2,, 
652,37.6668,1,, 
653,37.7262,2,, 
654,37.7857,0,, 
655,37.8453,4,, 
656,37.9048,4,, 
657,37.9644,0,, 
658,38.024,0,, 
659,38.0836,1,, 
660,38.1432,0,, 
661,38.2029,1,, 
662,38.2626,1,, 
663,38.3223,2,, 
664,38.382,1,, 
665,38.4417,1,, 
666,38.5015,1,, 
667,38.5613,0,, 
668,38.6211,2,, 
669,38.681,1,, 
670,38.7408,2,, 
671,38.8007,4,, 
672,38.8606,3,, 
673,38.9206,2,, 
674,38.9805,1,, 
675,39.0405,2,, 
676,39.1005,0,, 
677,39.1605,0,, 
678,39.2206,2,, 
679,39.2806,1,, 
680,39.3407,3,, 
681,39.4008,0,, 
682,39.461,2,, 
683,39.5212,4,, 
684,39.5813,3,, 
685,39.6415,1,, 
686,39.7018,1,, 
687,39.762,1,, 
688,39.8223,1,, 
689,39.8826,2,, 
690,39.9429,2,, 
691,40.0033,3,, 
692,40.0636,1,, 
693,40.124,1,, 
694,40.1844,2,, 
695,40.2449,0,, 
696,40.3053,1,, 
697,40.3658,1,, 
698,40.4263,2,, 
699,40.4869,4,, 
700,40.5474,2,, 
701,40.608,3,, 
702,40.6686,1,, 
703,40.7292,2,, 
704,40.7899,2,, 
705,40.8505,3,, 
706,40.9112,4,, 
707,40.9719,1,, 
708,41.0327,0,, 
709,41.0934,1,, 
710,41.1542,1,, 
711,41.215,3,, 
712,41.2758,1,, 
713,41.3367,1,, 
714,41.3975,1,, 
715,41.4584,1,, 
716,41.5194,4,, 
717,41.5803,0,, 
718,41.6413,1,, 
719,41.7023,1,, 
720,41.7633,1,, 
721,41.8243,2,, 
722,41.8854,1,, 
723,41.9464,2,, 
724,42.0075,3,, 
725,42.0687,2,, 
726,42.1298,2,, 
727,42.191,1,, 
728,42.2522,2,, 
729,42.3134,2,, 
730,42.3746,2,, 
731,42.4359,3,, 
732,42.4972,0,, 
733,42.5585,3,, 
734,42.6198,1,, 
735,42.6812,2,, 
736,42.7425,3,, 
737,42.8039,0,, 
738,42.8654,1,, 
739,42.9268,2,, 
740,42.9883,0,, 
741,43.0498,0,, 
742,43.1113,0,, 
743,43.1728,2,, 
744,43.2344,1,, 
745,43.296,2,, 
746,43.3576,0,, 
747,43.4192,3,, 
748,43.4808,0,, 
749,43.5425,0,, 
750,43.6042,0,, 
751,43.6659,1,, 
752,43.7277,1,, 
753,43.7894,1,, 
754,43.8512,2,, 
755,43.913,1,, 
756,43.9749,0,, 
757,44.0367,1,, 
758,44.0986,3,, 
759,44.1605,0,, 
760,44.2225,2,, 
761,44.2844,2,, 
762,44.3464,1,, 
763,44.4084,2,, 
764,44.4704,0,, 
765,44.5324,2,, 
766,44.5945,2,, 
767,44.6566,2,, 
768,44.7187,2,, 
769,44.7808,0,, 
770,44.843,0,, 
771,44.9052,1,, 
772,44.9674,2,, 
773,45.0296,3,, 
774,45.0918,0,, 
775,45.1541,1,, 
776,45.2164,1,, 
777,45.2787,2,, 
778,45.341,0,, 
779,45.4034,1,, 
780,45.4658,0,, 
781,45.5282,1,, 
782,45.5906,0,, 
783,45.6531,1,, 
784,45.7156,2,, 
785,45.7781,2,, 
786,45.8406,1,, 
787,45.9031,1,, 
788,45.9657,3,, 
789,46.0283,0,, 
790,46.0909,0,, 
791,46.1535,0,, 
792,46.2162,2,, 
793,46.2789,1,, 
794,46.3416,5,, 
795,46.4043,1,, 
796,46.4671,2,, 
797,46.5298,1,, 
798,46.5926,1,, 
799,46.6555,0,, 
800,46.7183,3,, 
801,46.7812,2,, 
802,46.844,0,, 
803,46.907,0,, 
804,46.9699,0,, 
805,47.0329,3,, 
806,47.0958,0,, 
807,47.1588,0,, 
808,47.2219,1,, 
809,47.2849,2,, 
810,47.348,0,, 
811,47.4111,0,, 
812,47.4742,0,, 
813,47.5373,1,, 
814,47.6005,1,, 
815,47.6637,3,, 
816,47.7269,2,, 
817,47.7901,1,, 
818,47.8534,3,, 
819,47.9167,0,, 
820,47.98,1,, 
821,48.0433,1,, 
822,48.1066,1,, 
823,48.17,1,, 
824,48.2334,0,, 
825,48.2968,2,, 
826,48.3602,1,, 
827,48.4237,2,, 
828,48.4872,1,, 
829,48.5507,1,, 
830,48.6142,1,, 
831,48.6778,1,, 
832,48.7414,2,, 
833,48.805,0,, 
834,48.8686,1,, 
835,48.9322,1,, 
836,48.9959,0,, 
837,49.0596,0,, 
838,49.1233,2,, 
839,49.187,0,, 
840,49.2508,0,, 
841,49.3146,2,, 
842,49.3784,1,, 
843,49.4422,1,, 
844,49.5061,1,, 
845,49.5699,5,, 
846,49.6338,1,, 
847,49.6977,4,, 
848,49.7617,2,, 
849,49.8257,2,, 
850,49.8896,2,, 
851,49.9536,0,, 
852,50.0177,1,, 
853,50.0817,0,, 
854,50.1458,1,, 
855,50.2099,1,, 
856,50.274,2,, 
857,50.3382,5,, 
858,50.4024,2,, 
859,50.4666,1,, 
860,50.5308,0,, 
861,50.595,2,, 
862,50.6593,3,, 
863,50.7236,2,, 
864,50.7879,3,, 
865,50.8522,0,, 
866,50.9166,0,, 
867,50.9809,1,, 
868,51.0453,1,, 
869,51.1098,0,, 
870,51.1742,1,, 
871,51.2387,2,, 
872,51.3032,1,, 
873,51.3677,4,, 
874,51.4322,2,, 
875,51.4968,1,, 
876,51.5614,2,, 
877,51.626,0,, 
878,51.6906,2,, 
879,51.7553,1,, 
880,51.8199,3,, 
881,51.8846,2,, 
882,51.9494,1,, 
883,52.0141,3,, 
884,52.0789,0,, 
885,52.1437,2,, 
886,52.2085,3,, 
887,52.2733,3,, 
888,52.3382,3,, 
889,52.403,2,, 
890,52.468,2,, 
891,52.5329,3,, 
892,52.5978,2,, 
893,52.6628,1,, 
894,52.7278,2,, 
895,52.7928,3,, 
896,52.8579,0,, 
897,52.9229,1,, 
898,52.988,1,, 
899,53.0531,2,, 
900,53.1183,1,, 
901,53.1834,0,, 
902,53.2486,5,, 
903,53.3138,2,, 
904,53.379,1,, 
905,53.4443,1,, 
906,53.5095,3,, 
907,53.5748,1,, 
908,53.6401,0,, 
909,53.7055,2,, 
910,53.7709,1,, 
911,53.8362,3,, 
912,53.9016,2,, 
913,53.9671,2,, 
914,54.0325,0,, 
915,54.098,0,, 
916,54.1635,2,, 
917,54.229,1,, 
918,54.2946,1,, 
919,54.3601,0,, 
920,54.4257,2,, 
921,54.4914,2,, 
922,54.557,3,, 
923,54.6227,1,, 
924,54.6883,3,, 
925,54.754,2,, 
926,54.8198,1,, 
927,54.8855,0,, 
928,54.9513,1,, 
929,55.0171,0,, 
930,55.0829,1,, 
931,55.1488,3,, 
932,55.2146,0,, 
933,55.2805,1,, 
934,55.3464,0,, 
935,55.4124,0,, 
936,55.4783,2,, 
937,55.5443,3,, 
938,55.6103,2,, 
939,55.6763,0,, 
940,55.7424,4,, 
941,55.8085,0,, 
942,55.8746,1,, 
943,55.9407,0,, 
944,56.0068,5,, 
945,56.073,2,, 
946,56.1392,0,, 
947,56.2054,2,, 
948,56.2716,2,, 
949,56.3379,0,, 
950,56.4041,2,, 
951,56.4704,1,, 
952,56.5368,1,, 
953,56.6031,4,, 
954,56.6695,3,, 
955,56.7359,1,, 
956,56.8023,3,, 
957,56.8687,2,, 
958,56.9352,3,, 
959,57.0017,1,, 
960,57.0682,0,, 
961,57.1347,2,, 
962,57.2013,0,, 
963,57.2679,1,, 
964,57.3345,1,, 
965,57.4011,0,, 
966,57.4677,0,, 
967,57.5344,4,, 
968,57.6011,3,, 
969,57.6678,3,, 
970,57.7345,0,, 
971,57.8013,2,, 
972,57.8681,1,, 
973,57.9349,1,, 
974,58.0017,1,, 
975,58.0686,0,, 
976,58.1354,1,, 
977,58.2023,2,, 
978,58.2693,1,, 
979,58.3362,0,, 
980,58.4032,1,, 
981,58.4702,0,, 
982,58.5372,2,, 
983,58.6042,4,, 
984,58.6713,1,, 
985,58.7383,1,, 
986,58.8054,4,, 
987,58.8726,1,, 
988,58.9397,1,, 
989,59.0069,2,, 
990,59.0741,1,, 
991,59.1413,5,, 
992,59.2085,1,, 
993,59.2758,1,, 
994,59.3431,2,, 
995,59.4104,0,, 
996,59.4777,1,, 
997,59.5451,3,, 
998,59.6125,1,, 
999,59.6799,0,, 
1000,59.7473,1,, 
1001,59.8147,0,, 
1002,59.8822,0,, 
1003,59.9497,0,, 
1004,60.0172,2,, 
1005,60.0848,2,, 
1006,60.1523,4,, 
1007,60.2199,2,, 
1008,60.2875,2,, 
1009,60.3552,0,, 
1010,60.4228,3,, 
1011,60.4905,0,, 
1012,60.5582,0,, 
1013,60.6259,1,, 
1014,60.6936,2,, 
1015,60.7614,2,, 
1016,60.8292,2,, 
1017,60.897,2,, 
1018,60.9649,3,, 
1019,61.0327,4,, 
1020,61.1006,2,, 
1021,61.1685,2,, 
1022,61.2364,2,, 
1023,61.3044,2,, 
1024,61.3724,2,, 
1025,61.4404,4,, 
1026,61.5084,0,, 
1027,61.5764,5,, 
1028,61.6445,1,, 
1029,61.7126,2,, 
1030,61.7807,0,, 
1031,61.8488,2,, 
1032,61.917,1,, 
1033,61.9852,2,, 
1034,62.0534,0,, 
1035,62.1216,0,, 
1036,62.1898,3,, 
1037,62.2581,2,, 
1038,62.3264,1,, 
1039,62.3947,4,, 
1040,62.4631,4,, 
1041,62.5314,2,, 
1042,62.5998,1,, 
1043,62.6682,2,, 
1044,62.7367,1,, 
1045,62.8051,3,, 
1046,62.8736,2,, 
1047,62.9421,4,, 
1048,63.0106,5,, 
1049,63.0792,1,, 
1050,63.1477,2,, 
1051,63.2163,1,, 
1052,63.2849,1,, 
1053,63.3536,2,, 
1054,63.4222,4,, 
1055,63.4909,3,, 
1056,63.5596,1,, 
1057,63.6284,1,, 
1058,63.6971,1,, 
1059,63.7659,0,, 
1060,63.8347,1,, 
1061,63.9035,2,, 
1062,63.9724,6,, 
1063,64.0412,2,, 
1064,64.1101,2,, 
1065,64.179,3,, 
1066,64.248,3,, 
1067,64.3169,4,, 
1068,64.3859,1,, 
1069,64.4549,5,, 
1070,64.5239,2,, 
1071,64.593,4,, 
1072,64.6621,1,, 
1073,64.7312,2,, 
1074,64.8003,3,, 
1075,64.8694,2,, 
1076,64.9386,3,, 
1077,65.0078,2,, 
1078,65.077,1,, 
1079,65.1462,1,, 
1080,65.2155,1,, 
1081,65.2848,3,, 
1082,65.3541,5,, 
1083,65.4234,2,, 
1084,65.4927,3,, 
1085,65.5621,1,, 
1086,65.6315,1,, 
1087,65.7009,6,, 
1088,65.7704,2,, 
1089,65.8398,2,, 
1090,65.9093,3,, 
1091,65.9788,3,, 
1092,66.0484,3,, 
1093,66.1179,2,, 
1094,66.1875,3,, 
1095,66.2571,0,, 
1096,66.3267,4,, 
1097,66.3964,3,, 
1098,66.466,1,, 
1099,66.5357,1,, 
1100,66.6054,2,, 
1101,66.6752,2,, 
1102,66.7449,2,, 
1103,66.8147,0,, 
1104,66.8845,3,, 
1105,66.9544,1,, 
1106,67.0242,3,, 
1107,67.0941,1,, 
1108,67.164,2,, 
1109,67.2339,2,, 
1110,67.3038,6,, 
1111,67.3738,2,, 
1112,67.4438,1,, 
1113,67.5138,2,, 
1114,67.5839,2,, 
1115,67.6539,2,, 
1116,67.724,1,, 
1117,67.7941,1,, 
1118,67.8642,3,, 
1119,67.9344,3,, 
1120,68.0046,2,, 
1121,68.0747,0,, 
1122,68.145,3,, 
1123,68.2152,3,, 
1124,68.2855,1,, 
1125,68.3558,0,, 
1126,68.4261,2,, 
1127,68.4964,2,, 
1128,68.5668,1,, 
1129,68.6371,1,, 
1130,68.7075,2,, 
1131,68.778,0,, 
1132,68.8484,3,, 
1133,68.9189,1,, 
1134,68.9894,0,, 
1135,69.0599,3,, 
1136,69.1304,2,, 
1137,69.201,2,, 
1138,69.2716,2,, 
1139,69.3422,0,, 
1140,69.4128,2,, 
1141,69.4835,0,, 
1142,69.5542,4,, 
1143,69.6249,2,, 
1144,69.6956,4,, 
1145,69.7663,1,, 
1146,69.8371,0,, 
1147,69.9079,2,, 
1148,69.9787,1,, 
1149,70.0495,0,, 
1150,70.1204,7,, 
1151,70.1913,2,, 
1152,70.2622,1,, 
1153,70.3331,3,, 
1154,70.4041,3,, 
1155,70.4751,2,, 
1156,70.5461,0,, 
1157,70.6171,2,, 
1158,70.6881,3,, 
1159,70.7592,3,, 
1160,70.8303,2,, 
1161,70.9014,1,, 
1162,70.9725,2,, 
1163,71.0437,1,, 
1164,71.1149,2,, 
1165,71.1861,5,, 
1166,71.2573,3,, 
1167,71.3285,1,, 
1168,71.3998,1,, 
1169,71.4711,3,, 
1170,71.5424,1,, 
1171,71.6138,1,, 
1172,71.6851,0,, 
1173,71.7565,4,, 
1174,71.8279,1,, 
1175,71.8994,1,, 
1176,71.9708,2,, 
1177,72.0423,5,, 
1178,72.1138,4,, 
1179,72.1853,2,, 
1180,72.2569,1,, 
1181,72.3285,2,, 
1182,72.4,2,, 
1183,72.4717,3,, 
1184,72.5433,5,, 
1185,72.615,1,, 
1186,72.6867,2,, 
1187,72.7584,2,, 
1188,72.8301,1,, 
1189,72.9018,1,, 
1190,72.9736,1,, 
1191,73.0454,1,, 
1192,73.1172,5,, 
1193,73.1891,1,, 
1194,73.261,2,, 
1195,73.3329,1,, 
1196,73.4048,6,, 
1197,73.4767,3,, 
1198,73.5487,3,, 
1199,73.6206,0,, 
1200,73.6927,1,, 
1201,73.7647,0,, 
1202,73.8367,5,, 
1203,73.9088,5,, 
1204,73.9809,2,, 
1205,74.053,1,, 
1206,74.1252,1,, 
1207,74.1973,1,, 
1208,74.2695,1,, 
1209,74.3417,6,, 
1210,74.414,2,, 
1211,74.4862,2,, 
1212,74.5585,0,, 
1213,74.6308,8,, 
1214,74.7031,4,, 
1215,74.7755,2,, 
1216,74.8479,4,, 
1217,74.9203,3,, 
1218,74.9927,2,, 
1219,75.0651,3,, 
1220,75.1376,4,, 
1221,75.2101,4,, 
1222,75.2826,4,, 
1223,75.3551,1,, 
1224,75.4277,5,, 
1225,75.5003,2,, 
1226,75.5729,1,, 
1227,75.6455,4,, 
1228,75.7181,6,, 
1229,75.7908,0,, 
1230,75.8635,2,, 
1231,75.9362,1,, 
1232,76.0089,1,, 
1233,76.0817,2,, 
1234,76.1545,6,, 
1235,76.2273,2,, 
1236,76.3001,2,, 
1237,76.373,2,, 
1238,76.4459,2,, 
1239,76.5188,4,, 
1240,76.5917,4,, 
1241,76.6646,3,, 
1242,76.7376,1,, 
1243,76.8106,4,, 
1244,76.8836,5,, 
1245,76.9566,5,, 
1246,77.0297,5,, 
1247,77.1028,3,, 
1248,77.1759,3,, 
1249,77.249,1,, 
1250,77.3222,5,, 
1251,77.3953,2,, 
1252,77.4685,5,, 
1253,77.5418,4,, 
1254,77.615,4,, 
1255,77.6883,4,, 
1256,77.7616,1,, 
1257,77.8349,7,, 
1258,77.9082,6,, 
1259,77.9816,1,, 
1260,78.0549,3,, 
1261,78.1283,1,, 
1262,78.2018,6,, 
1263,78.2752,0,, 
1264,78.3487,3,, 
1265,78.4222,4,, 
1266,78.4957,4,, 
1267,78.5692,2,, 
1268,78.6428,2,, 
1269,78.7164,4,, 
1270,78.79,1,, 
1271,78.8636,3,, 
1272,78.9373,4,, 
1273,79.011,3,, 
1274,79.0847,3,, 
1275,79.1584,5,, 
1276,79.2321,5,, 
1277,79.3059,2,, 
1278,79.3797,4,, 
1279,79.4535,5,, 
1280,79.5274,10,, 
1281,79.6012,4,, 
1282,79.6751,8,, 
1283,79.749,3,, 
1284,79.823,3,, 
1285,79.8969,6,, 
1286,79.9709,3,, 
1287,80.0449,3,, 
1288,80.1189,2,, 
1289,80.1929,7,, 
1290,80.267,3,, 
1291,80.3411,5,, 
1292,80.4152,5,, 
1293,80.4894,6,, 
1294,80.5635,7,, 
1295,80.6377,8,, 
1296,80.7119,5,, 
1297,80.7861,4,, 
1298,80.8604,6,, 
1299,80.9347,4,, 
1300,81.009,4,, 
1301,81.0833,7,, 
1302,81.1576,1,, 
1303,81.232,5,, 
1304,81.3064,5,, 
1305,81.3808,7,, 
1306,81.4552,7,, 
1307,81.5297,8,, 
1308,81.6042,6,, 
1309,81.6787,6,, 
1310,81.7532,2,, 
1311,81.8277,4,, 
1312,81.9023,6,, 
1313,81.9769,2,, 
1314,82.0515,7,, 
1315,82.1262,8,, 
1316,82.2008,5,, 
1317,82.2755,7,, 
1318,82.3502,4,, 
1319,82.425,6,, 
1320,82.4997,1,, 
1321,82.5745,8,, 
1322,82.6493,5,, 
1323,82.7241,5,, 
1324,82.799,6,, 
1325,82.8738,6,, 
1326,82.9487,4,, 
1327,83.0236,7,, 
1328,83.0986,7,, 
1329,83.1735,5,, 
1330,83.2485,2,, 
1331,83.3235,5,, 
1332,83.3986,4,, 
1333,83.4736,3,, 
1334,83.5487,5,, 
1335,83.6238,1,, 
1336,83.6989,13,, 
1337,83.774,3,, 
1338,83.8492,8,, 
1339,83.9244,5,, 
1340,83.9996,4,, 
1341,84.0749,2,, 
1342,84.1501,7,, 
1343,84.2254,5,, 
1344,84.3007,9,, 
1345,84.376,8,, 
1346,84.4514,3,, 
1347,84.5268,4,, 
1348,84.6022,7,, 
1349,84.6776,3,, 
1350,84.753,1,, 
1351,84.8285,5,, 
1352,84.904,4,, 
1353,84.9795,4,, 
1354,85.055,1,, 
1355,85.1306,6,, 
1356,85.2061,2,, 
1357,85.2818,12,, 
1358,85.3574,6,, 
1359,85.433,6,, 
1360,85.5087,5,, 
1361,85.5844,4,, 
1362,85.6601,3,, 
1363,85.7358,4,, 
1364,85.8116,6,, 
1365,85.8874,5,, 
1366,85.9632,5,, 
1367,86.039,6,, 
1368,86.1149,8,, 
1369,86.1908,1,, 
1370,86.2667,5,, 
1371,86.3426,6,, 
1372,86.4185,8,, 
1373,86.4945,4,, 
1374,86.5705,0,, 
1375,86.6465,4,, 
1376,86.7226,8,, 
1377,86.7986,8,, 
1378,86.8747,8,, 
1379,86.9508,5,, 
1380,87.0269,2,, 
1381,87.1031,2,, 
1382,87.1793,3,, 
1383,87.2555,3,, 
1384,87.3317,6,, 
1385,87.4079,5,, 
1386,87.4842,2,, 
1387,87.5605,4,, 
1388,87.6368,3,, 
1389,87.7131,6,, 
1390,87.7895,9,, 
1391,87.8659,5,, 
1392,87.9423,6,, 
1393,88.0187,5,, 
1394,88.0952,5,, 
1395,88.1716,4,, 
1396,88.2481,5,, 
1397,88.3246,6,, 
1398,88.4012,7,, 
1399,88.4778,7,, 
1400,88.5543,7,, 
1401,88.631,4,, 
1402,88.7076,6,, 
1403,88.7842,4,, 
1404,88.8609,3,, 
1405,88.9376,6,, 
1406,89.0144,6,, 
1407,89.0911,4,, 
1408,89.1679,9,, 
1409,89.2447,2,, 
1410,89.3215,7,, 
1411,89.3983,6,, 
1412,89.4752,2,, 
1413,89.5521,9,, 
1414,89.629,5,, 
1415,89.7059,4,, 
1416,89.7829,2,, 
1417,89.8598,7,, 
1418,89.9368,2,, 
1419,90.0139,3,, 
1420,90.0909,3,, 
1421,90.168,4,, 
1422,90.2451,2,, 
1423,90.3222,5,, 
1424,90.3993,9,, 
1425,90.4765,7,, 
1426,90.5537,2,, 
1427,90.6309,6,, 
1428,90.7081,4,, 
1429,90.7854,3,, 
1430,90.8626,6,, 
1431,90.9399,3,, 
1432,91.0173,4,, 
1433,91.0946,4,, 
1434,91.172,6,, 
1435,91.2494,1,, 
1436,91.3268,6,, 
1437,91.4042,3,, 
1438,91.4817,4,, 
1439,91.5591,2,, 
1440,91.6366,3,, 
1441,91.7142,4,, 
1442,91.7917,2,, 
1443,91.8693,3,, 
1444,91.9469,7,, 
1445,92.0245,1,, 
1446,92.1021,4,, 
1447,92.1798,4,, 
1448,92.2575,3,, 
1449,92.3352,4,, 
1450,92.4129,3,, 
1451,92.4907,3,, 
1452,92.5685,0,, 
1453,92.6463,3,, 
1454,92.7241,7,, 
1455,92.802,3,, 
1456,92.8798,5,, 
1457,92.9577,3,, 
1458,93.0356,4,, 
1459,93.1136,3,, 
1460,93.1915,3,, 
1461,93.2695,5,, 
1462,93.3475,3,, 
1463,93.4256,3,, 
1464,93.5036,2,, 
1465,93.5817,2,, 
1466,93.6598,2,, 
1467,93.7379,6,, 
1468,93.8161,6,, 
1469,93.8942,4,, 
1470,93.9724,2,, 
1471,94.0506,4,, 
1472,94.1289,7,, 
1473,94.2071,3,, 
1474,94.2854,3,, 
1475,94.3637,3,, 
1476,94.4421,2,, 
1477,94.5204,5,, 
1478,94.5988,5,, 
1479,94.6772,0,, 
1480,94.7556,4,, 
1481,94.834,3,, 
1482,94.9125,7,, 
1483,94.991,1,, 
1484,95.0695,4,, 
1485,95.148,4,, 
1486,95.2266,4,, 
1487,95.3052,0,, 
1488,95.3838,2,, 
1489,95.4624,3,, 
1490,95.5411,2,, 
1491,95.6197,3,, 
1492,95.6984,4,, 
1493,95.7771,3,, 
1494,95.8559,2,, 
1495,95.9347,1,, 
1496,96.0134,1,, 
1497,96.0922,6,, 
1498,96.1711,2,, 
1499,96.2499,4,, 
1500,96.3288,2,, 
1501,96.4077,2,, 
1502,96.4866,1,, 
1503,96.5656,1,, 
1504,96.6446,4,, 
1505,96.7236,0,, 
1506,96.8026,3,, 
1507,96.8816,3,, 
1508,96.9607,4,, 
1509,97.0398,3,, 
1510,97.1189,0,, 
1511,97.198,3,, 
1512,97.2771,5,, 
1513,97.3563,2,, 
1514,97.4355,1,, 
1515,97.5147,1,, 
1516,97.594,2,, 
1517,97.6733,3,, 
1518,97.7526,3,, 
1519,97.8319,2,, 
1520,97.9112,4,, 
1521,97.9906,4,, 
1522,98.0699,9,, 
1523,98.1494,0,, 
1524,98.2288,5,, 
1525,98.3082,3,, 
1526,98.3877,1,, 
1527,98.4672,6,, 
1528,98.5467,2,, 
1529,98.6263,5,, 
1530,98.7058,2,, 
1531,98.7854,2,, 
1532,98.865,1,, 
1533,98.9447,5,, 
1534,99.0243,1,, 
1535,99.104,2,, 
1536,99.1837,1,, 
1537,99.2634,5,, 
1538,99.3432,1,, 
1539,99.423,0,, 
1540,99.5028,3,, 
1541,99.5826,5,, 
1542,99.6624,6,, 
1543,99.7423,1,, 
1544,99.8222,3,, 
1545,99.9021,2,, 
1546,99.982,2,, 
1547,100.062,1,, 
1548,100.142,5,, 
1549,100.222,3,, 
1550,100.302,6,, 
1551,100.382,1,, 
1552,100.462,2,, 
1553,100.542,2,, 
1554,100.622,3,, 
1555,100.702,1,, 
1556,100.783,2,, 
1557,100.863,3,, 
1558,100.943,3,, 
1559,101.023,3,, 
1560,101.103,2,, 
1561,101.184,6,, 
1562,101.264,1,, 
1563,101.344,0,, 
1564,101.425,2,, 
1565,101.505,8,, 
1566,101.585,1,, 
1567,101.666,3,, 
1568,101.746,3,, 
1569,101.827,2,, 
1570,101.907,2,, 
1571,101.988,3,, 
1572,102.068,3,, 
1573,102.149,0,, 
1574,102.229,3,, 
1575,102.31,1,, 
1576,102.391,0,, 
1577,102.471,5,, 
1578,102.552,1,, 
1579,102.633,3,, 
1580,102.713,3,, 
1581,102.794,5,, 
1582,102.875,2,, 
1583,102.956,1,, 
1584,103.036,5,, 
1585,103.117,3,, 
1586,103.198,2,, 
1587,103.279,3,, 
1588,103.36,5,, 
1589,103.441,2,, 
1590,103.522,1,, 
1591,103.603,1,, 
1592,103.684,0,, 
1593,103.765,0,, 
1594,103.846,4,, 
1595,103.927,4,, 
1596,104.008,3,, 
1597,104.089,1,, 
1598,104.17,5,, 
1599,104.251,2,, 
1600,104.332,5,, 
1601,104.414,2,, 
1602,104.495,2,, 
1603,104.576,2,, 
1604,104.657,0,, 
1605,104.739,2,, 
1606,104.82,1,, 
1607,104.901,3,, 
1608,104.983,5,, 
1609,105.064,4,, 
1610,105.145,4,, 
1611,105.227,2,, 
1612,105.308,3,, 
1613,105.39,3,, 
1614,105.471,3,, 
1615,105.553,4,, 
1616,105.634,2,, 
1617,105.716,4,, 
1618,105.797,2,, 
1619,105.879,6,, 
1620,105.961,0,, 
1621,106.042,2,, 
1622,106.124,2,, 
1623,106.206,2,, 
1624,106.287,3,, 
1625,106.369,5,, 
1626,106.451,2,, 
1627,106.533,3,, 
1628,106.614,0,, 
1629,106.696,5,, 
1630,106.778,5,, 
1631,106.86,2,, 
1632,106.942,1,, 
1633,107.024,4,, 
1634,107.106,2,, 
1635,107.188,2,, 
1636,107.27,3,, 
1637,107.352,3,, 
1638,107.434,4,, 
1639,107.516,0,, 
1640,107.598,1,, 
1641,107.68,1,, 
1642,107.762,3,, 
1643,107.844,2,, 
1644,107.927,0,, 
1645,108.009,1,, 
1646,108.091,5,, 
1647,108.173,2,, 
1648,108.255,4,, 
1649,108.338,1,, 
1650,108.42,1,, 
1651,108.502,1,, 
1652,108.585,5,, 
1653,108.667,3,, 
1654,108.75,3,, 
1655,108.832,4,, 
1656,108.914,3,, 
1657,108.997,0,, 
1658,109.079,5,, 
1659,109.162,3,, 
1660,109.244,6,, 
1661,109.327,3,, 
1662,109.41,2,, 
1663,109.492,0,, 
1664,109.575,3,, 
1665,109.658,2,, 
1666,109.74,3,, 
1667,109.823,4,, 
1668,109.906,2,, 
1669,109.988,1,, 
1670,110.071,3,, 
1671,110.154,3,, 
1672,110.237,2,, 
1673,110.32,3,, 
1674,110.402,2,, 
1675,110.485,2,, 
1676,110.568,4,, 
1677,110.651,3,, 
1678,110.734,1,, 
1679,110.817,2,, 
1680,110.9,3,, 
1681,110.983,0,, 
1682,111.066,1,, 
1683,111.149,1,, 
1684,111.232,2,, 
1685,111.316,3,, 
1686,111.399,2,, 
1687,111.482,3,, 
1688,111.565,3,, 
1689,111.648,4,, 
1690,111.731,1,, 
1691,111.815,4,, 
1692,111.898,3,, 
1693,111.981,0,, 
1694,112.065,3,, 
1695,112.148,4,, 
1696,112.231,5,, 
1697,112.315,2,, 
1698,112.398,1,, 
1699,112.482,2,, 
1700,112.565,2,, 
1701,112.649,0,, 
1702,112.732,0,, 
1703,112.816,1,, 
1704,112.899,1,, 
1705,112.983,1,, 
1706,113.066,2,, 
1707,113.15,2,, 
1708,113.234,3,, 
1709,113.317,3,, 
1710,113.401,2,, 
1711,113.485,5,, 
1712,113.568,1,, 
1713,113.652,2,, 
1714,113.736,3,, 
1715,113.82,1,, 
1716,113.904,5,, 
1717,113.987,0,, 
1718,114.071,4,, 
1719,114.155,3,, 
1720,114.239,2,, 
1721,114.323,5,, 
1722,114.407,0,, 
1723,114.491,4,, 
1724,114.575,0,, 
1725,114.659,1,, 
1726,114.743,2,, 
1727,114.827,3,, 
1728,114.911,4,, 
1729,114.995,3,, 
1730,115.079,2,, 
1731,115.164,1,, 
1732,115.248,1,, 
1733,115.332,2,, 
1734,115.416,0,, 
1735,115.501,2,, 
1736,115.585,3,, 
1737,115.669,2,, 
1738,115.753,2,, 
1739,115.838,0,, 
1740,115.922,1,, 
1741,116.007,3,, 
1742,116.091,2,, 
1743,116.175,1,, 
1744,116.26,3,, 
1745,116.344,2,, 
1746,116.429,3,, 
1747,116.514,1,, 
1748,116.598,4,, 
1749,116.683,3,, 
1750,116.767,4,, 
1751,116.852,1,, 
1752,116.937,4,, 
1753,117.021,4,, 
1754,117.106,5,, 
1755,117.191,5,, 
1756,117.275,5,, 
1757,117.36,4,, 
1758,117.445,0,, 
1759,117.53,4,, 
1760,117.615,4,, 
1761,117.699,2,, 
1762,117.784,3,, 
1763,117.869,4,, 
1764,117.954,5,, 
1765,118.039,2,, 
1766,118.124,3,, 
1767,118.209,2,, 
1768,118.294,2,, 
1769,118.379,4,, 
1770,118.464,3,, 
1771,118.549,2,, 
1772,118.634,2,, 
1773,118.72,2,, 
1774,118.805,2,, 
1775,118.89,4,, 
1776,118.975,3,, 
1777,119.06,4,, 
1778,119.146,2,, 
1779,119.231,2,, 
1780,119.316,4,, 
1781,119.401,4,, 
1782,119.487,4,, 
1783,119.572,1,, 
1784,119.657,5,, 
1785,119.743,6,, 
1786,119.828,6,, 
1787,119.914,6,, 
1788,119.999,3,, 
1789,120.085,3,, 
1790,120.17,3,, 
1791,120.256,4,, 
1792,120.341,2,, 
1793,120.427,1,, 
1794,120.513,5,, 
1795,120.598,5,, 
1796,120.684,3,, 
1797,120.77,2,, 
1798,120.855,3,, 
1799,120.941,3,, 
1800,121.027,7,, 
1801,121.113,9,, 
1802,121.198,13,, 
1803,121.284,15,, 
1804,121.37,29,, 
1805,121.456,50,, 
1806,121.542,99,, 
1807,121.628,160,, 
1808,121.714,187,, 
1809,121.8,275,, 
1810,121.886,327,, 
1811,121.972,394,, 
1812,122.058,418,, 
1813,122.144,398,, 
1814,122.23,320,, 
1815,122.316,274,, 
1816,122.402,213,, 
1817,122.488,129,, 
1818,122.574,94,, 
1819,122.66,42,, 
1820,122.747,23,, 
1821,122.833,9,, 
1822,122.919,1,, 
1823,123.005,4,, 
1824,123.092,2,, 
1825,123.178,2,, 
1826,123.264,2,, 
1827,123.351,0,, 
1828,123.437,1,, 
1829,123.524,2,, 
1830,123.61,4,, 
1831,123.696,0,, 
1832,123.783,0,, 
1833,123.869,2,, 
1834,123.956,0,, 
1835,124.042,0,, 
1836,124.129,0,, 
1837,124.216,1,, 
1838,124.302,0,, 
1839,124.389,1,, 
1840,124.476,0,, 
1841,124.562,1,, 
1842,124.649,2,, 
1843,124.736,2,, 
1844,124.822,0,, 
1845,124.909,2,, 
1846,124.996,0,, 
1847,125.083,1,, 
1848,125.17,1,, 
1849,125.257,1,, 
1850,125.344,1,, 
1851,125.43,1,, 
1852,125.517,0,, 
1853,125.604,2,, 
1854,125.691,0,, 
1855,125.778,2,, 
1856,125.865,1,, 
1857,125.952,1,, 
1858,126.04,1,, 
1859,126.127,0,, 
1860,126.214,1,, 
1861,126.301,3,, 
1862,126.388,2,, 
1863,126.475,0,, 
1864,126.562,0,, 
1865,126.65,1,, 
1866,126.737,0,, 
1867,126.824,1,, 
1868,126.912,3,, 
1869,126.999,3,, 
1870,127.086,4,, 
1871,127.174,1,, 
1872,127.261,0,, 
1873,127.348,2,, 
1874,127.436,1,, 
1875,127.523,3,, 
1876,127.611,0,, 
1877,127.698,3,, 
1878,127.786,3,, 
1879,127.873,2,, 
1880,127.961,1,, 
1881,128.049,0,, 
1882,128.136,0,, 
1883,128.224,1,, 
1884,128.312,0,, 
1885,128.399,0,, 
1886,128.487,1,, 
1887,128.575,2,, 
1888,128.663,4,, 
1889,128.75,2,, 
1890,128.838,3,, 
1891,128.926,1,, 
1892,129.014,1,, 
1893,129.102,0,, 
1894,129.19,0,, 
1895,129.278,1,, 
1896,129.366,1,, 
1897,129.454,3,, 
1898,129.542,2,, 
1899,129.63,2,, 
1900,129.718,2,, 
1901,129.806,1,, 
1902,129.894,1,, 
1903,129.982,2,, 
1904,130.07,0,, 
1905,130.158,2,, 
1906,130.246,1,, 
1907,130.335,0,, 
1908,130.423,0,, 
1909,130.511,2,, 
1910,130.599,1,, 
1911,130.688,2,, 
1912,130.776,0,, 
1913,130.864,1,, 
1914,130.953,1,, 
1915,131.041,2,, 
1916,131.129,1,, 
1917,131.218,0,, 
1918,131.306,3,, 
1919,131.395,2,, 
1920,131.483,1,, 
1921,131.572,3,, 
1922,131.66,1,, 
1923,131.749,0,, 
1924,131.837,0,, 
1925,131.926,1,, 
1926,132.015,3,, 
1927,132.103,0,, 
1928,132.192,0,, 
1929,132.281,1,, 
1930,132.369,2,, 
1931,132.458,1,, 
1932,132.547,0,, 
1933,132.636,1,, 
1934,132.725,1,, 
1935,132.813,3,, 
1936,132.902,0,, 
1937,132.991,2,, 
1938,133.08,1,, 
1939,133.169,2,, 
1940,133.258,0,, 
1941,133.347,0,, 
1942,133.436,2,, 
1943,133.525,3,, 
1944,133.614,1,, 
1945,133.703,2,, 
1946,133.792,0,, 
1947,133.881,1,, 
1948,133.971,3,, 
1949,134.06,2,, 
1950,134.149,2,, 
1951,134.238,1,, 
1952,134.327,3,, 
1953,134.417,0,, 
1954,134.506,2,, 
1955,134.595,4,, 
1956,134.684,0,, 
1957,134.774,1,, 
1958,134.863,1,, 
1959,134.953,1,, 
1960,135.042,3,, 
1961,135.131,1,, 
1962,135.221,1,, 
1963,135.31,1,, 
1964,135.4,1,, 
1965,135.489,2,, 
1966,135.579,2,, 
1967,135.669,4,, 
1968,135.758,5,, 
1969,135.848,4,, 
1970,135.937,14,, 
1971,136.027,15,, 
1972,136.117,20,, 
1973,136.207,33,, 
1974,136.296,27,, 
1975,136.386,34,, 
1976,136.476,52,, 
1977,136.566,42,, 
1978,136.655,37,, 
1979,136.745,20,, 
1980,136.835,24,, 
1981,136.925,14,, 
1982,137.015,7,, 
1983,137.105,6,, 
1984,137.195,2,, 
1985,137.285,2,, 
1986,137.375,3,, 
1987,137.465,1,, 
1988,137.555,1,, 
1989,137.645,1,, 
1990,137.735,2,, 
1991,137.825,1,, 
1992,137.915,2,, 
1993,138.006,2,, 
1994,138.096,2,, 
1995,138.186,1,, 
1996,138.276,1,, 
1997,138.367,0,, 
1998,138.457,2,, 
1999,138.547,0,, 
2000,138.637,2,, 
2001,138.728,0,, 
2002,138.818,0,, 
2003,138.909,0,, 
2004,138.999,2,, 
2005,139.089,2,, 
2006,139.18,0,, 
2007,139.27,0,, 
2008,139.361,1,, 
2009,139.451,1,, 
2010,139.542,1,, 
2011,139.633,2,, 
2012,139.723,0,, 
2013,139.814,1,, 
2014,139.905,0,, 
2015,139.995,0,, 
2016,140.086,0,, 
2017,140.177,1,, 
2018,140.267,3,, 
2019,140.358,0,, 
2020,140.449,2,, 
2021,140.54,0,, 
2022,140.631,0,, 
2023,140.721,1,, 
2024,140.812,1,, 
2025,140.903,0,, 
2026,140.994,1,, 
2027,141.085,1,, 
2028,141.176,1,, 
2029,141.267,1,, 
2030,141.358,1,, 
2031,141.449,2,, 
2032,141.54,0,, 
2033,141.631,0,, 
2034,141.722,2,, 
2035,141.814,0,, 
2036,141.905,2,, 
2037,141.996,0,, 
2038,142.087,1,, 
2039,142.178,1,, 
2040,142.27,2,, 
2041,142.361,0,, 
2042,142.452,0,, 
2043,142.543,0,, 
2044,142.635,2,, 
2045,142.726,0,, 
2046,142.818,0,, 
2047,142.909,0,, 
