0,-0.35683,0,, 
1,-0.295072,0,, 
2,-0.233309,0,, 
3,-0.17154,0,, 
4,-0.109766,0,, 
5,-4.80E-02,0,, 
6,1.38E-02,0,, 
7,7.56E-02,0,, 
8,0.137389,0,, 
9,0.199191,0,, 
10,0.261,0,, 
11,0.322814,0,, 
12,0.384633,0,, 
13,0.446459,0,, 
14,0.50829,2,, 
15,0.570126,1896,, 
16,0.631968,42732,, 
17,0.693816,40917,, 
18,0.755669,31350,, 
19,0.817529,26280,, 
20,0.879393,23550,, 
21,0.941264,22594,, 
22,1.00314,22594,, 
23,1.06502,22469,, 
24,1.12691,22531,, 
25,1.1888,22490,, 
26,1.2507,22584,, 
27,1.3126,22714,, 
28,1.37451,22707,, 
29,1.43643,23155,, 
30,1.49835,23409,, 
31,1.56028,24021,, 
32,1.62221,24395,, 
33,1.68415,25087,, 
34,1.74609,25565,, 
35,1.80804,26024,, 
36,1.87,26135,, 
37,1.93196,26435,, 
38,1.99392,26504,, 
39,2.05589,26378,, 
40,2.11787,26146,, 
41,2.17986,26147,, 
42,2.24184,26747,, 
43,2.30384,27975,, 
44,2.36584,29513,, 
45,2.42784,31621,, 
46,2.48986,34135,, 
47,2.55187,36081,, 
48,2.6139,37840,, 
49,2.67592,39082,, 
50,2.73796,39894,, 
51,2.8,39535,, 
52,2.86204,38528,, 
53,2.92409,37212,, 
54,2.98615,34310,, 
55,3.04821,31878,, 
56,3.11028,29134,, 
57,3.17235,26730,, 
58,3.23443,24206,, 
59,3.29652,22430,, 
60,3.35861,20875,, 
61,3.4207,19127,, 
62,3.4828,17692,, 
63,3.54491,16425,, 
64,3.60703,15358,, 
65,3.66914,14683,, 
66,3.73127,14279,, 
67,3.7934,14216,, 
68,3.85553,15049,, 
69,3.91767,16165,, 
70,3.97982,17300,, 
71,4.04197,17580,, 
72,4.10413,16905,, 
73,4.16629,15147,, 
74,4.22846,13008,, 
75,4.29064,11276,, 
76,4.35282,9183,, 
77,4.41501,7847,, 
78,4.4772,7114,, 
79,4.5394,6695,, 
80,4.6016,6405,, 
81,4.66381,6345,, 
82,4.72602,6105,, 
83,4.78824,6117,, 
84,4.85047,6082,, 
85,4.9127,5995,, 
86,4.97494,5881,, 
87,5.03718,5775,, 
88,5.09943,5653,, 
89,5.16168,5651,, 
90,5.22394,5577,, 
91,5.28621,5387,, 
92,5.34848,5446,, 
93,5.41075,5511,, 
94,5.47303,5415,, 
95,5.53532,5519,, 
96,5.59762,5768,, 
97,5.65991,6113,, 
98,5.72222,6739,, 
99,5.78453,6999,, 
100,5.84685,7430,, 
101,5.90917,7338,, 
102,5.97149,7171,, 
103,6.03383,6600,, 
104,6.09617,6032,, 
105,6.15851,5635,, 
106,6.22086,5385,, 
107,6.28322,5383,, 
108,6.34558,5689,, 
109,6.40794,5897,, 
110,6.47032,6183,, 
111,6.53269,6161,, 
112,6.59508,5891,, 
113,6.65747,5675,, 
114,6.71986,5378,, 
115,6.78226,5016,, 
116,6.84467,4811,, 
117,6.90708,4700,, 
118,6.9695,4643,, 
119,7.03192,4548,, 
120,7.09435,4386,, 
121,7.15678,4638,, 
122,7.21922,4705,, 
123,7.28167,4448,, 
124,7.34412,4391,, 
125,7.40658,4481,, 
126,7.46904,4457,, 
127,7.53151,4324,, 
128,7.59398,4405,, 
129,7.65646,4340,, 
130,7.71895,4342,, 
131,7.78144,4343,, 
132,7.84393,4350,, 
133,7.90644,4381,, 
134,7.96894,4423,, 
135,8.03146,4311,, 
136,8.09398,4335,, 
137,8.1565,4238,, 
138,8.21903,4236,, 
139,8.28157,4164,, 
140,8.34411,4159,, 
141,8.40666,4153,, 
142,8.46921,4275,, 
143,8.53177,4133,, 
144,8.59433,4167,, 
145,8.6569,4120,, 
146,8.71948,4156,, 
147,8.78206,4072,, 
148,8.84464,4103,, 
149,8.90724,4014,, 
150,8.96983,4080,, 
151,9.03244,4057,, 
152,9.09505,3972,, 
153,9.15766,4124,, 
154,9.22028,4144,, 
155,9.28291,4100,, 
156,9.34554,4123,, 
157,9.40818,4013,, 
158,9.47082,4039,, 
159,9.53347,3863,, 
160,9.59612,3962,, 
161,9.65878,4046,, 
162,9.72145,3945,, 
163,9.78412,3975,, 
164,9.8468,3875,, 
165,9.90948,3955,, 
166,9.97217,3806,, 
167,10.0349,3875,, 
168,10.0976,3833,, 
169,10.1603,3884,, 
170,10.223,3770,, 
171,10.2857,3810,, 
172,10.3484,3902,, 
173,10.4111,3857,, 
174,10.4739,3778,, 
175,10.5366,3837,, 
176,10.5994,3852,, 
177,10.6621,3898,, 
178,10.7249,3855,, 
179,10.7876,3934,, 
180,10.8504,3793,, 
181,10.9132,3913,, 
182,10.9759,3785,, 
183,11.0387,3793,, 
184,11.1015,3766,, 
185,11.1643,3726,, 
186,11.2271,3711,, 
187,11.2899,3745,, 
188,11.3527,3786,, 
189,11.4156,3708,, 
190,11.4784,3754,, 
191,11.5412,3730,, 
192,11.604,3747,, 
193,11.6669,3710,, 
194,11.7297,3705,, 
195,11.7926,3805,, 
196,11.8554,3790,, 
197,11.9183,3772,, 
198,11.9812,3735,, 
199,12.044,3851,, 
200,12.1069,3743,, 
201,12.1698,3847,, 
202,12.2327,3730,, 
203,12.2956,3897,, 
204,12.3585,3812,, 
205,12.4214,3819,, 
206,12.4843,3957,, 
207,12.5472,3959,, 
208,12.6102,4052,, 
209,12.6731,4083,, 
210,12.736,4367,, 
211,12.799,4394,, 
212,12.8619,4531,, 
213,12.9249,4799,, 
214,12.9878,5230,, 
215,13.0508,5693,, 
216,13.1138,5932,, 
217,13.1767,6342,, 
218,13.2397,6928,, 
219,13.3027,8277,, 
220,13.3657,10931,, 
221,13.4287,16157,, 
222,13.4917,24981,, 
223,13.5547,37986,, 
224,13.6177,52483,, 
225,13.6808,65220,, 
226,13.7438,71353,, 
227,13.8068,69899,, 
228,13.8699,59220,, 
229,13.9329,44417,, 
230,13.9959,29260,, 
231,14.059,17792,, 
232,14.1221,10109,, 
233,14.1851,6268,, 
234,14.2482,4243,, 
235,14.3113,3472,, 
236,14.3744,3177,, 
237,14.4374,3210,, 
238,14.5005,3227,, 
239,14.5636,3120,, 
240,14.6267,3199,, 
241,14.6899,3134,, 
242,14.753,3091,, 
243,14.8161,3201,, 
244,14.8792,3065,, 
245,14.9424,3084,, 
246,15.0055,3018,, 
247,15.0686,3049,, 
248,15.1318,3093,, 
249,15.1949,3031,, 
250,15.2581,3022,, 
251,15.3213,3115,, 
252,15.3845,3059,, 
253,15.4476,3088,, 
254,15.5108,3101,, 
255,15.574,3027,, 
256,15.6372,3070,, 
257,15.7004,3073,, 
258,15.7636,2960,, 
259,15.8268,3009,, 
260,15.89,3096,, 
261,15.9533,3056,, 
262,16.0165,2984,, 
263,16.0797,2950,, 
264,16.143,3083,, 
265,16.2062,2967,, 
266,16.2695,2990,, 
267,16.3327,3011,, 
268,16.396,3048,, 
269,16.4593,2879,, 
270,16.5225,2933,, 
271,16.5858,2941,, 
272,16.6491,2919,, 
273,16.7124,2969,, 
274,16.7757,2877,, 
275,16.839,2932,, 
276,16.9023,2885,, 
277,16.9656,2897,, 
278,17.0289,2999,, 
279,17.0923,2975,, 
280,17.1556,2904,, 
281,17.2189,2936,, 
282,17.2823,2893,, 
283,17.3456,2991,, 
284,17.409,2834,, 
285,17.4723,2828,, 
286,17.5357,2852,, 
287,17.5991,2862,, 
288,17.6624,2843,, 
289,17.7258,2829,, 
290,17.7892,2775,, 
291,17.8526,2920,, 
292,17.916,2847,, 
293,17.9794,2755,, 
294,18.0428,2862,, 
295,18.1062,2866,, 
296,18.1697,2826,, 
297,18.2331,2827,, 
298,18.2965,2752,, 
299,18.36,2876,, 
300,18.4234,2714,, 
301,18.4869,2866,, 
302,18.5503,2789,, 
303,18.6138,2754,, 
304,18.6772,2731,, 
305,18.7407,2649,, 
306,18.8042,2711,, 
307,18.8677,2753,, 
308,18.9312,2703,, 
309,18.9947,2799,, 
310,19.0582,2755,, 
311,19.1217,2741,, 
312,19.1852,2776,, 
313,19.2487,2693,, 
314,19.3122,2742,, 
315,19.3757,2760,, 
316,19.4393,2754,, 
317,19.5028,2740,, 
318,19.5664,2634,, 
319,19.6299,2687,, 
320,19.6935,2741,, 
321,19.757,2691,, 
322,19.8206,2641,, 
323,19.8842,2577,, 
324,19.9477,2654,, 
325,20.0113,2766,, 
326,20.0749,2682,, 
327,20.1385,2820,, 
328,20.2021,2576,, 
329,20.2657,2647,, 
330,20.3293,2773,, 
331,20.393,2706,, 
332,20.4566,2644,, 
333,20.5202,2613,, 
334,20.5839,2589,, 
335,20.6475,2597,, 
336,20.7111,2703,, 
337,20.7748,2700,, 
338,20.8385,2603,, 
339,20.9021,2580,, 
340,20.9658,2693,, 
341,21.0295,2571,, 
342,21.0931,2592,, 
343,21.1568,2588,, 
344,21.2205,2632,, 
345,21.2842,2709,, 
346,21.3479,2542,, 
347,21.4116,2629,, 
348,21.4753,2639,, 
349,21.5391,2572,, 
350,21.6028,2501,, 
351,21.6665,2580,, 
352,21.7303,2555,, 
353,21.794,2616,, 
354,21.8578,2548,, 
355,21.9215,2622,, 
356,21.9853,2532,, 
357,22.049,2579,, 
358,22.1128,2533,, 
359,22.1766,2581,, 
360,22.2404,2507,, 
361,22.3041,2536,, 
362,22.3679,2555,, 
363,22.4317,2542,, 
364,22.4955,2487,, 
365,22.5594,2584,, 
366,22.6232,2532,, 
367,22.687,2624,, 
368,22.7508,2572,, 
369,22.8147,2546,, 
370,22.8785,2582,, 
371,22.9423,2562,, 
372,23.0062,2665,, 
373,23.07,2755,, 
374,23.1339,2680,, 
375,23.1978,2858,, 
376,23.2616,2869,, 
377,23.3255,3012,, 
378,23.3894,3183,, 
379,23.4533,3091,, 
380,23.5172,3000,, 
381,23.5811,2955,, 
382,23.645,2871,, 
383,23.7089,2722,, 
384,23.7728,2539,, 
385,23.8368,2640,, 
386,23.9007,2484,, 
387,23.9646,2518,, 
388,24.0286,2436,, 
389,24.0925,2483,, 
390,24.1565,2487,, 
391,24.2204,2528,, 
392,24.2844,2583,, 
393,24.3483,2435,, 
394,24.4123,2445,, 
395,24.4763,2442,, 
396,24.5403,2485,, 
397,24.6043,2401,, 
398,24.6683,2457,, 
399,24.7323,2427,, 
400,24.7963,2530,, 
401,24.8603,2535,, 
402,24.9243,2420,, 
403,24.9883,2532,, 
404,25.0524,2449,, 
405,25.1164,2399,, 
406,25.1804,2475,, 
407,25.2445,2453,, 
408,25.3085,2459,, 
409,25.3726,2515,, 
410,25.4367,2479,, 
411,25.5007,2570,, 
412,25.5648,2457,, 
413,25.6289,2399,, 
414,25.693,2441,, 
415,25.7571,2419,, 
416,25.8212,2374,, 
417,25.8853,2451,, 
418,25.9494,2486,, 
419,26.0135,2418,, 
420,26.0776,2494,, 
421,26.1418,2362,, 
422,26.2059,2499,, 
423,26.27,2484,, 
424,26.3342,2597,, 
425,26.3983,2572,, 
426,26.4625,2582,, 
427,26.5266,2654,, 
428,26.5908,2581,, 
429,26.655,2661,, 
430,26.7191,2524,, 
431,26.7833,2688,, 
432,26.8475,2528,, 
433,26.9117,2458,, 
434,26.9759,2456,, 
435,27.0401,2597,, 
436,27.1043,2517,, 
437,27.1685,2545,, 
438,27.2328,2455,, 
439,27.297,2407,, 
440,27.3612,2449,, 
441,27.4255,2474,, 
442,27.4897,2467,, 
443,27.554,2420,, 
444,27.6182,2434,, 
445,27.6825,2495,, 
446,27.7467,2459,, 
447,27.811,2442,, 
448,27.8753,2470,, 
449,27.9396,2481,, 
450,28.0039,2505,, 
451,28.0682,2471,, 
452,28.1325,2459,, 
453,28.1968,2430,, 
454,28.2611,2435,, 
455,28.3254,2411,, 
456,28.3897,2422,, 
457,28.4541,2422,, 
458,28.5184,2417,, 
459,28.5827,2386,, 
460,28.6471,2490,, 
461,28.7114,2572,, 
462,28.7758,2488,, 
463,28.8402,2391,, 
464,28.9045,2472,, 
465,28.9689,2478,, 
466,29.0333,2474,, 
467,29.0977,2515,, 
468,29.1621,2444,, 
469,29.2265,2456,, 
470,29.2909,2489,, 
471,29.3553,2545,, 
472,29.4197,2464,, 
473,29.4841,2490,, 
474,29.5485,2421,, 
475,29.613,2613,, 
476,29.6774,2463,, 
477,29.7418,2455,, 
478,29.8063,2503,, 
479,29.8707,2522,, 
480,29.9352,2447,, 
481,29.9997,2380,, 
482,30.0641,2561,, 
483,30.1286,2548,, 
484,30.1931,2497,, 
485,30.2576,2478,, 
486,30.3221,2549,, 
487,30.3866,2522,, 
488,30.4511,2534,, 
489,30.5156,2549,, 
490,30.5801,2521,, 
491,30.6446,2594,, 
492,30.7091,2584,, 
493,30.7737,2502,, 
494,30.8382,2465,, 
495,30.9028,2537,, 
496,30.9673,2494,, 
497,31.0319,2617,, 
498,31.0964,2580,, 
499,31.161,2500,, 
500,31.2256,2440,, 
501,31.2901,2569,, 
502,31.3547,2520,, 
503,31.4193,2538,, 
504,31.4839,2554,, 
505,31.5485,2644,, 
506,31.6131,2505,, 
507,31.6777,2511,, 
508,31.7423,2621,, 
509,31.807,2524,, 
510,31.8716,2546,, 
511,31.9362,2609,, 
512,32.0009,2469,, 
513,32.0655,2550,, 
514,32.1302,2672,, 
515,32.1948,2548,, 
516,32.2595,2606,, 
517,32.3242,2601,, 
518,32.3888,2573,, 
519,32.4535,2578,, 
520,32.5182,2546,, 
521,32.5829,2586,, 
522,32.6476,2639,, 
523,32.7123,2609,, 
524,32.777,2650,, 
525,32.8417,2552,, 
526,32.9064,2591,, 
527,32.9711,2616,, 
528,33.0359,2615,, 
529,33.1006,2559,, 
530,33.1653,2568,, 
531,33.2301,2648,, 
532,33.2948,2703,, 
533,33.3596,2612,, 
534,33.4244,2650,, 
535,33.4891,2583,, 
536,33.5539,2660,, 
537,33.6187,2597,, 
538,33.6835,2609,, 
539,33.7483,2545,, 
540,33.8131,2607,, 
541,33.8779,2652,, 
542,33.9427,2614,, 
543,34.0075,2608,, 
544,34.0723,2558,, 
545,34.1371,2618,, 
546,34.202,2591,, 
547,34.2668,2641,, 
548,34.3317,2627,, 
549,34.3965,2668,, 
550,34.4614,2585,, 
551,34.5262,2618,, 
552,34.5911,2733,, 
553,34.656,2741,, 
554,34.7208,2809,, 
555,34.7857,2764,, 
556,34.8506,2850,, 
557,34.9155,2932,, 
558,34.9804,2846,, 
559,35.0453,2854,, 
560,35.1102,2870,, 
561,35.1751,2944,, 
562,35.24,3010,, 
563,35.305,2938,, 
564,35.3699,3086,, 
565,35.4348,3080,, 
566,35.4998,3017,, 
567,35.5647,2867,, 
568,35.6297,2794,, 
569,35.6947,2836,, 
570,35.7596,2801,, 
571,35.8246,2783,, 
572,35.8896,2729,, 
573,35.9546,2788,, 
574,36.0195,2889,, 
575,36.0845,3011,, 
576,36.1495,3222,, 
577,36.2145,3396,, 
578,36.2796,3337,, 
579,36.3446,3349,, 
580,36.4096,3342,, 
581,36.4746,3413,, 
582,36.5397,3505,, 
583,36.6047,3783,, 
584,36.6697,3711,, 
585,36.7348,3937,, 
586,36.7999,4001,, 
587,36.8649,3915,, 
588,36.93,3729,, 
589,36.9951,3304,, 
590,37.0601,3027,, 
591,37.1252,2906,, 
592,37.1903,2672,, 
593,37.2554,2480,, 
594,37.3205,2386,, 
595,37.3856,2387,, 
596,37.4507,2400,, 
597,37.5159,2400,, 
598,37.581,2364,, 
599,37.6461,2362,, 
600,37.7112,2211,, 
601,37.7764,2256,, 
602,37.8415,2340,, 
603,37.9067,2257,, 
604,37.9718,2236,, 
605,38.037,2228,, 
606,38.1022,2312,, 
607,38.1674,2269,, 
608,38.2325,2305,, 
609,38.2977,2127,, 
610,38.3629,2217,, 
611,38.4281,2099,, 
612,38.4933,2133,, 
613,38.5585,2184,, 
614,38.6237,2104,, 
615,38.689,2069,, 
616,38.7542,2085,, 
617,38.8194,2012,, 
618,38.8847,2002,, 
619,38.9499,2048,, 
620,39.0152,1942,, 
621,39.0804,1823,, 
622,39.1457,1889,, 
623,39.2109,1896,, 
624,39.2762,1752,, 
625,39.3415,1815,, 
626,39.4068,1736,, 
627,39.4721,1749,, 
628,39.5373,1705,, 
629,39.6026,1742,, 
630,39.668,1677,, 
631,39.7333,1737,, 
632,39.7986,1686,, 
633,39.8639,1651,, 
634,39.9292,1718,, 
635,39.9946,1702,, 
636,40.0599,1762,, 
637,40.1252,1762,, 
638,40.1906,1777,, 
639,40.256,1815,, 
640,40.3213,1701,, 
641,40.3867,1784,, 
642,40.4521,1674,, 
643,40.5174,1566,, 
644,40.5828,1605,, 
645,40.6482,1600,, 
646,40.7136,1545,, 
647,40.779,1440,, 
648,40.8444,1414,, 
649,40.9098,1473,, 
650,40.9752,1454,, 
651,41.0407,1352,, 
652,41.1061,1479,, 
653,41.1715,1429,, 
654,41.237,1473,, 
655,41.3024,1521,, 
656,41.3679,1510,, 
657,41.4333,1502,, 
658,41.4988,1515,, 
659,41.5643,1599,, 
660,41.6297,1637,, 
661,41.6952,1740,, 
662,41.7607,1708,, 
663,41.8262,1762,, 
664,41.8917,1737,, 
665,41.9572,1646,, 
666,42.0227,1528,, 
667,42.0882,1456,, 
668,42.1537,1402,, 
669,42.2193,1320,, 
670,42.2848,1309,, 
671,42.3503,1340,, 
672,42.4159,1306,, 
673,42.4814,1252,, 
674,42.547,1270,, 
675,42.6125,1306,, 
676,42.6781,1268,, 
677,42.7437,1326,, 
678,42.8092,1372,, 
679,42.8748,1293,, 
680,42.9404,1287,, 
681,43.006,1349,, 
682,43.0716,1245,, 
683,43.1372,1238,, 
684,43.2028,1244,, 
685,43.2684,1208,, 
686,43.334,1196,, 
687,43.3997,1156,, 
688,43.4653,1193,, 
689,43.5309,1090,, 
690,43.5966,1143,, 
691,43.6622,1125,, 
692,43.7279,1212,, 
693,43.7936,1139,, 
694,43.8592,1158,, 
695,43.9249,1129,, 
696,43.9906,1135,, 
697,44.0562,1115,, 
698,44.1219,1056,, 
699,44.1876,1090,, 
700,44.2533,1159,, 
701,44.319,1075,, 
702,44.3847,1124,, 
703,44.4505,1068,, 
704,44.5162,1117,, 
705,44.5819,1105,, 
706,44.6477,1124,, 
707,44.7134,1113,, 
708,44.7791,1158,, 
709,44.8449,1080,, 
710,44.9106,1080,, 
711,44.9764,1179,, 
712,45.0422,1040,, 
713,45.1079,1142,, 
714,45.1737,1015,, 
715,45.2395,1016,, 
716,45.3053,1121,, 
717,45.3711,1070,, 
718,45.4369,1033,, 
719,45.5027,1027,, 
720,45.5685,1058,, 
721,45.6343,1042,, 
722,45.7002,998,, 
723,45.766,1010,, 
724,45.8318,1012,, 
725,45.8977,1051,, 
726,45.9635,1041,, 
727,46.0294,1044,, 
728,46.0952,1065,, 
729,46.1611,1086,, 
730,46.227,1087,, 
731,46.2928,1099,, 
732,46.3587,1018,, 
733,46.4246,1057,, 
734,46.4905,1053,, 
735,46.5564,983,, 
736,46.6223,976,, 
737,46.6882,1007,, 
738,46.7541,1060,, 
739,46.82,1010,, 
740,46.886,975,, 
741,46.9519,978,, 
742,47.0178,1058,, 
743,47.0838,974,, 
744,47.1497,1051,, 
745,47.2157,1020,, 
746,47.2816,999,, 
747,47.3476,974,, 
748,47.4136,946,, 
749,47.4795,983,, 
750,47.5455,977,, 
751,47.6115,954,, 
752,47.6775,944,, 
753,47.7435,899,, 
754,47.8095,990,, 
755,47.8755,916,, 
756,47.9415,917,, 
757,48.0076,972,, 
758,48.0736,944,, 
759,48.1396,889,, 
760,48.2057,883,, 
761,48.2717,929,, 
762,48.3377,906,, 
763,48.4038,888,, 
764,48.4699,888,, 
765,48.5359,909,, 
766,48.602,904,, 
767,48.6681,950,, 
768,48.7342,880,, 
769,48.8003,926,, 
770,48.8664,869,, 
771,48.9325,870,, 
772,48.9986,883,, 
773,49.0647,889,, 
774,49.1308,864,, 
775,49.1969,859,, 
776,49.263,868,, 
777,49.3292,905,, 
778,49.3953,805,, 
779,49.4615,852,, 
780,49.5276,907,, 
781,49.5938,867,, 
782,49.6599,870,, 
783,49.7261,848,, 
784,49.7923,901,, 
785,49.8585,848,, 
786,49.9246,897,, 
787,49.9908,878,, 
788,50.057,840,, 
789,50.1232,896,, 
790,50.1894,876,, 
791,50.2556,848,, 
792,50.3219,895,, 
793,50.3881,826,, 
794,50.4543,876,, 
795,50.5206,886,, 
796,50.5868,855,, 
797,50.653,837,, 
798,50.7193,866,, 
799,50.7856,836,, 
800,50.8518,863,, 
801,50.9181,830,, 
802,50.9844,829,, 
803,51.0506,819,, 
804,51.1169,856,, 
805,51.1832,870,, 
806,51.2495,830,, 
807,51.3158,821,, 
808,51.3821,849,, 
809,51.4484,788,, 
810,51.5148,856,, 
811,51.5811,856,, 
812,51.6474,863,, 
813,51.7138,825,, 
814,51.7801,847,, 
815,51.8465,840,, 
816,51.9128,851,, 
817,51.9792,829,, 
818,52.0455,899,, 
819,52.1119,839,, 
820,52.1783,802,, 
821,52.2447,827,, 
822,52.3111,835,, 
823,52.3774,794,, 
824,52.4438,852,, 
825,52.5103,818,, 
826,52.5767,852,, 
827,52.6431,792,, 
828,52.7095,832,, 
829,52.7759,810,, 
830,52.8424,769,, 
831,52.9088,844,, 
832,52.9752,850,, 
833,53.0417,849,, 
834,53.1082,872,, 
835,53.1746,810,, 
836,53.2411,868,, 
837,53.3076,826,, 
838,53.374,829,, 
839,53.4405,865,, 
840,53.507,853,, 
841,53.5735,865,, 
842,53.64,845,, 
843,53.7065,852,, 
844,53.773,879,, 
845,53.8395,903,, 
846,53.9061,846,, 
847,53.9726,845,, 
848,54.0391,874,, 
849,54.1057,819,, 
850,54.1722,846,, 
851,54.2388,931,, 
852,54.3053,873,, 
853,54.3719,886,, 
854,54.4385,867,, 
855,54.505,870,, 
856,54.5716,859,, 
857,54.6382,843,, 
858,54.7048,814,, 
859,54.7714,837,, 
860,54.838,873,, 
861,54.9046,822,, 
862,54.9712,843,, 
863,55.0378,907,, 
864,55.1044,873,, 
865,55.1711,854,, 
866,55.2377,839,, 
867,55.3044,876,, 
868,55.371,883,, 
869,55.4377,832,, 
870,55.5043,832,, 
871,55.571,848,, 
872,55.6377,901,, 
873,55.7043,827,, 
874,55.771,882,, 
875,55.8377,866,, 
876,55.9044,886,, 
877,55.9711,876,, 
878,56.0378,884,, 
879,56.1045,858,, 
880,56.1712,858,, 
881,56.2379,877,, 
882,56.3047,894,, 
883,56.3714,840,, 
884,56.4381,891,, 
885,56.5049,904,, 
886,56.5716,840,, 
887,56.6384,908,, 
888,56.7051,861,, 
889,56.7719,896,, 
890,56.8387,896,, 
891,56.9055,868,, 
892,56.9722,962,, 
893,57.039,865,, 
894,57.1058,917,, 
895,57.1726,920,, 
896,57.2394,888,, 
897,57.3062,889,, 
898,57.3731,977,, 
899,57.4399,915,, 
900,57.5067,867,, 
901,57.5735,898,, 
902,57.6404,903,, 
903,57.7072,924,, 
904,57.7741,941,, 
905,57.8409,958,, 
906,57.9078,878,, 
907,57.9747,852,, 
908,58.0415,913,, 
909,58.1084,926,, 
910,58.1753,971,, 
911,58.2422,937,, 
912,58.3091,915,, 
913,58.376,942,, 
914,58.4429,940,, 
915,58.5098,910,, 
916,58.5767,982,, 
917,58.6436,958,, 
918,58.7106,917,, 
919,58.7775,947,, 
920,58.8445,946,, 
921,58.9114,985,, 
922,58.9784,936,, 
923,59.0453,958,, 
924,59.1123,935,, 
925,59.1792,912,, 
926,59.2462,943,, 
927,59.3132,988,, 
928,59.3802,967,, 
929,59.4472,983,, 
930,59.5142,947,, 
931,59.5812,925,, 
932,59.6482,1000,, 
933,59.7152,967,, 
934,59.7822,893,, 
935,59.8492,1000,, 
936,59.9163,940,, 
937,59.9833,868,, 
938,60.0504,1013,, 
939,60.1174,894,, 
940,60.1845,960,, 
941,60.2515,985,, 
942,60.3186,939,, 
943,60.3856,957,, 
944,60.4527,918,, 
945,60.5198,957,, 
946,60.5869,942,, 
947,60.654,1012,, 
948,60.7211,998,, 
949,60.7882,955,, 
950,60.8553,936,, 
951,60.9224,935,, 
952,60.9895,952,, 
953,61.0567,991,, 
954,61.1238,1031,, 
955,61.1909,992,, 
956,61.2581,1024,, 
957,61.3252,1002,, 
958,61.3924,1012,, 
959,61.4595,1038,, 
960,61.5267,981,, 
961,61.5939,1010,, 
962,61.6611,987,, 
963,61.7282,1002,, 
964,61.7954,982,, 
965,61.8626,968,, 
966,61.9298,1009,, 
967,61.997,1021,, 
968,62.0642,1065,, 
969,62.1315,993,, 
970,62.1987,998,, 
971,62.2659,1027,, 
972,62.3332,985,, 
973,62.4004,1070,, 
974,62.4676,1073,, 
975,62.5349,1032,, 
976,62.6021,1026,, 
977,62.6694,1038,, 
978,62.7367,1059,, 
979,62.8039,1020,, 
980,62.8712,1051,, 
981,62.9385,1022,, 
982,63.0058,1069,, 
983,63.0731,1072,, 
984,63.1404,1106,, 
985,63.2077,1046,, 
986,63.275,1087,, 
987,63.3423,1134,, 
988,63.4097,1101,, 
989,63.477,1146,, 
990,63.5443,1158,, 
991,63.6117,1152,, 
992,63.679,1111,, 
993,63.7464,1052,, 
994,63.8137,1078,, 
995,63.8811,1117,, 
996,63.9485,1148,, 
997,64.0158,1086,, 
998,64.0832,1113,, 
999,64.1506,1061,, 
1000,64.218,1077,, 
1001,64.2854,1193,, 
1002,64.3528,1150,, 
1003,64.4202,1131,, 
1004,64.4876,1138,, 
1005,64.555,1143,, 
1006,64.6225,1152,, 
1007,64.6899,1233,, 
1008,64.7573,1199,, 
1009,64.8248,1149,, 
1010,64.8922,1196,, 
1011,64.9597,1197,, 
1012,65.0271,1197,, 
1013,65.0946,1198,, 
1014,65.1621,1223,, 
1015,65.2296,1229,, 
1016,65.297,1203,, 
1017,65.3645,1168,, 
1018,65.432,1180,, 
1019,65.4995,1206,, 
1020,65.567,1218,, 
1021,65.6345,1260,, 
1022,65.7021,1276,, 
1023,65.7696,1287,, 
1024,65.8371,1305,, 
1025,65.9046,1222,, 
1026,65.9722,1276,, 
1027,66.0397,1193,, 
1028,66.1073,1247,, 
1029,66.1748,1312,, 
1030,66.2424,1331,, 
1031,66.3099,1308,, 
1032,66.3775,1256,, 
1033,66.4451,1267,, 
1034,66.5127,1273,, 
1035,66.5803,1226,, 
1036,66.6479,1368,, 
1037,66.7155,1281,, 
1038,66.7831,1206,, 
1039,66.8507,1350,, 
1040,66.9183,1281,, 
1041,66.9859,1305,, 
1042,67.0536,1322,, 
1043,67.1212,1355,, 
1044,67.1888,1379,, 
1045,67.2565,1377,, 
1046,67.3241,1368,, 
1047,67.3918,1366,, 
1048,67.4595,1356,, 
1049,67.5271,1414,, 
1050,67.5948,1344,, 
1051,67.6625,1308,, 
1052,67.7302,1445,, 
1053,67.7978,1389,, 
1054,67.8655,1336,, 
1055,67.9332,1384,, 
1056,68.001,1421,, 
1057,68.0687,1340,, 
1058,68.1364,1398,, 
1059,68.2041,1355,, 
1060,68.2718,1395,, 
1061,68.3396,1416,, 
1062,68.4073,1439,, 
1063,68.4751,1455,, 
1064,68.5428,1461,, 
1065,68.6106,1508,, 
1066,68.6783,1428,, 
1067,68.7461,1367,, 
1068,68.8139,1477,, 
1069,68.8817,1421,, 
1070,68.9495,1458,, 
1071,69.0173,1481,, 
1072,69.0851,1466,, 
1073,69.1529,1447,, 
1074,69.2207,1537,, 
1075,69.2885,1442,, 
1076,69.3563,1471,, 
1077,69.4241,1494,, 
1078,69.492,1488,, 
1079,69.5598,1480,, 
1080,69.6276,1537,, 
1081,69.6955,1499,, 
1082,69.7633,1561,, 
1083,69.8312,1527,, 
1084,69.8991,1484,, 
1085,69.9669,1582,, 
1086,70.0348,1521,, 
1087,70.1027,1522,, 
1088,70.1706,1517,, 
1089,70.2385,1542,, 
1090,70.3064,1482,, 
1091,70.3743,1571,, 
1092,70.4422,1548,, 
1093,70.5101,1575,, 
1094,70.578,1546,, 
1095,70.646,1494,, 
1096,70.7139,1510,, 
1097,70.7818,1576,, 
1098,70.8498,1519,, 
1099,70.9177,1537,, 
1100,70.9857,1558,, 
1101,71.0537,1547,, 
1102,71.1216,1495,, 
1103,71.1896,1542,, 
1104,71.2576,1615,, 
1105,71.3256,1559,, 
1106,71.3935,1560,, 
1107,71.4615,1648,, 
1108,71.5295,1602,, 
1109,71.5975,1512,, 
1110,71.6656,1565,, 
1111,71.7336,1563,, 
1112,71.8016,1567,, 
1113,71.8696,1620,, 
1114,71.9377,1547,, 
1115,72.0057,1631,, 
1116,72.0738,1583,, 
1117,72.1418,1546,, 
1118,72.2099,1588,, 
1119,72.2779,1613,, 
1120,72.346,1597,, 
1121,72.4141,1620,, 
1122,72.4822,1625,, 
1123,72.5502,1687,, 
1124,72.6183,1552,, 
1125,72.6864,1661,, 
1126,72.7545,1614,, 
1127,72.8226,1658,, 
1128,72.8907,1653,, 
1129,72.9589,1645,, 
1130,73.027,1726,, 
1131,73.0951,1726,, 
1132,73.1633,1622,, 
1133,73.2314,1716,, 
1134,73.2996,1675,, 
1135,73.3677,1629,, 
1136,73.4359,1620,, 
1137,73.504,1668,, 
1138,73.5722,1599,, 
1139,73.6404,1713,, 
1140,73.7086,1633,, 
1141,73.7767,1683,, 
1142,73.8449,1630,, 
1143,73.9131,1699,, 
1144,73.9813,1694,, 
1145,74.0496,1624,, 
1146,74.1178,1698,, 
1147,74.186,1613,, 
1148,74.2542,1722,, 
1149,74.3224,1715,, 
1150,74.3907,1639,, 
1151,74.4589,1700,, 
1152,74.5272,1746,, 
1153,74.5954,1636,, 
1154,74.6637,1707,, 
1155,74.732,1774,, 
1156,74.8002,1790,, 
1157,74.8685,1790,, 
1158,74.9368,1815,, 
1159,75.0051,1681,, 
1160,75.0734,1760,, 
1161,75.1417,1849,, 
1162,75.21,1831,, 
1163,75.2783,1763,, 
1164,75.3466,1779,, 
1165,75.4149,1740,, 
1166,75.4833,1758,, 
1167,75.5516,1740,, 
1168,75.6199,1764,, 
1169,75.6883,1726,, 
1170,75.7566,1688,, 
1171,75.825,1725,, 
1172,75.8934,1739,, 
1173,75.9617,1737,, 
1174,76.0301,1746,, 
1175,76.0985,1675,, 
1176,76.1669,1674,, 
1177,76.2352,1745,, 
1178,76.3036,1763,, 
1179,76.372,1748,, 
1180,76.4405,1760,, 
1181,76.5089,1791,, 
1182,76.5773,1760,, 
1183,76.6457,1768,, 
1184,76.7141,1763,, 
1185,76.7826,1850,, 
1186,76.851,1761,, 
1187,76.9195,1825,, 
1188,76.9879,1805,, 
1189,77.0564,1768,, 
1190,77.1248,1890,, 
1191,77.1933,1928,, 
1192,77.2618,1779,, 
1193,77.3303,1876,, 
1194,77.3987,1904,, 
1195,77.4672,1923,, 
1196,77.5357,1831,, 
1197,77.6042,1863,, 
1198,77.6727,1833,, 
1199,77.7413,1857,, 
1200,77.8098,1784,, 
1201,77.8783,1840,, 
1202,77.9468,1759,, 
1203,78.0154,1823,, 
1204,78.0839,1854,, 
1205,78.1525,1843,, 
1206,78.221,1783,, 
1207,78.2896,1855,, 
1208,78.3581,1821,, 
1209,78.4267,1928,, 
1210,78.4953,1874,, 
1211,78.5639,1735,, 
1212,78.6325,1861,, 
1213,78.7011,1944,, 
1214,78.7697,1939,, 
1215,78.8383,1907,, 
1216,78.9069,1836,, 
1217,78.9755,1880,, 
1218,79.0441,1897,, 
1219,79.1127,1946,, 
1220,79.1814,1912,, 
1221,79.25,1925,, 
1222,79.3187,1930,, 
1223,79.3873,2023,, 
1224,79.456,1975,, 
1225,79.5246,1888,, 
1226,79.5933,1974,, 
1227,79.662,2055,, 
1228,79.7306,2040,, 
1229,79.7993,1973,, 
1230,79.868,1984,, 
1231,79.9367,1955,, 
1232,80.0054,1993,, 
1233,80.0741,1966,, 
1234,80.1428,1999,, 
1235,80.2115,2000,, 
1236,80.2803,2060,, 
1237,80.349,2090,, 
1238,80.4177,2035,, 
1239,80.4865,2057,, 
1240,80.5552,2131,, 
1241,80.624,2143,, 
1242,80.6927,2038,, 
1243,80.7615,2169,, 
1244,80.8303,2164,, 
1245,80.899,2212,, 
1246,80.9678,2114,, 
1247,81.0366,2211,, 
1248,81.1054,2199,, 
1249,81.1742,2273,, 
1250,81.243,2277,, 
1251,81.3118,2189,, 
1252,81.3806,2369,, 
1253,81.4494,2268,, 
1254,81.5182,2322,, 
1255,81.5871,2458,, 
1256,81.6559,2432,, 
1257,81.7248,2405,, 
1258,81.7936,2496,, 
1259,81.8625,2480,, 
1260,81.9313,2495,, 
1261,82.0002,2629,, 
1262,82.069,2591,, 
1263,82.1379,2706,, 
1264,82.2068,2748,, 
1265,82.2757,2690,, 
1266,82.3446,2793,, 
1267,82.4135,2813,, 
1268,82.4824,2834,, 
1269,82.5513,3008,, 
1270,82.6202,2958,, 
1271,82.6891,3017,, 
1272,82.7581,3148,, 
1273,82.827,3177,, 
1274,82.8959,3210,, 
1275,82.9649,3283,, 
1276,83.0338,3303,, 
1277,83.1028,3418,, 
1278,83.1717,3406,, 
1279,83.2407,3540,, 
1280,83.3097,3599,, 
1281,83.3786,3678,, 
1282,83.4476,3590,, 
1283,83.5166,3640,, 
1284,83.5856,3726,, 
1285,83.6546,3794,, 
1286,83.7236,3842,, 
1287,83.7926,3902,, 
1288,83.8616,3771,, 
1289,83.9307,3855,, 
1290,83.9997,3989,, 
1291,84.0687,3960,, 
1292,84.1378,3913,, 
1293,84.2068,3992,, 
1294,84.2759,4185,, 
1295,84.3449,4027,, 
1296,84.414,4050,, 
1297,84.483,4070,, 
1298,84.5521,4148,, 
1299,84.6212,4187,, 
1300,84.6903,4253,, 
1301,84.7594,4228,, 
1302,84.8285,4095,, 
1303,84.8976,4381,, 
1304,84.9667,4187,, 
1305,85.0358,4222,, 
1306,85.1049,4249,, 
1307,85.174,4333,, 
1308,85.2432,4349,, 
1309,85.3123,4550,, 
1310,85.3814,4470,, 
1311,85.4506,4381,, 
1312,85.5197,4428,, 
1313,85.5889,4474,, 
1314,85.658,4535,, 
1315,85.7272,4415,, 
1316,85.7964,4518,, 
1317,85.8656,4571,, 
1318,85.9348,4650,, 
1319,86.0039,4569,, 
1320,86.0731,4619,, 
1321,86.1423,4638,, 
1322,86.2116,4607,, 
1323,86.2808,4631,, 
1324,86.35,4676,, 
1325,86.4192,4790,, 
1326,86.4884,4849,, 
1327,86.5577,4889,, 
1328,86.6269,4819,, 
1329,86.6962,4946,, 
1330,86.7654,4868,, 
1331,86.8347,4810,, 
1332,86.9039,4788,, 
1333,86.9732,4858,, 
1334,87.0425,5054,, 
1335,87.1118,4978,, 
1336,87.1811,4990,, 
1337,87.2504,4832,, 
1338,87.3197,4948,, 
1339,87.389,4981,, 
1340,87.4583,5045,, 
1341,87.5276,5045,, 
1342,87.5969,5179,, 
1343,87.6662,5131,, 
1344,87.7356,5108,, 
1345,87.8049,5057,, 
1346,87.8742,5045,, 
1347,87.9436,4947,, 
1348,88.0129,5056,, 
1349,88.0823,5000,, 
1350,88.1517,5112,, 
1351,88.221,5008,, 
1352,88.2904,5070,, 
1353,88.3598,5070,, 
1354,88.4292,5147,, 
1355,88.4986,5091,, 
1356,88.568,4906,, 
1357,88.6374,5181,, 
1358,88.7068,5129,, 
1359,88.7762,5090,, 
1360,88.8456,5077,, 
1361,88.9151,5096,, 
1362,88.9845,5044,, 
1363,89.0539,5111,, 
1364,89.1234,5235,, 
1365,89.1928,5134,, 
1366,89.2623,5194,, 
1367,89.3318,5106,, 
1368,89.4012,5081,, 
1369,89.4707,4969,, 
1370,89.5402,5022,, 
1371,89.6097,5125,, 
1372,89.6792,5171,, 
1373,89.7487,5125,, 
1374,89.8182,5159,, 
1375,89.8877,5073,, 
1376,89.9572,5105,, 
1377,90.0267,5114,, 
1378,90.0962,5208,, 
1379,90.1657,5018,, 
1380,90.2353,5080,, 
1381,90.3048,5099,, 
1382,90.3744,5196,, 
1383,90.4439,5278,, 
1384,90.5135,5106,, 
1385,90.583,5078,, 
1386,90.6526,5237,, 
1387,90.7222,5136,, 
1388,90.7918,5150,, 
1389,90.8614,5154,, 
1390,90.9309,5222,, 
1391,91.0005,5111,, 
1392,91.0701,5085,, 
1393,91.1398,5039,, 
1394,91.2094,5127,, 
1395,91.279,5214,, 
1396,91.3486,5112,, 
1397,91.4182,5130,, 
1398,91.4879,4971,, 
1399,91.5575,5057,, 
1400,91.6272,5097,, 
1401,91.6968,5088,, 
1402,91.7665,5138,, 
1403,91.8362,5113,, 
1404,91.9058,5009,, 
1405,91.9755,5026,, 
1406,92.0452,5110,, 
1407,92.1149,5137,, 
1408,92.1846,4940,, 
1409,92.2543,5159,, 
1410,92.324,5127,, 
1411,92.3937,4934,, 
1412,92.4634,4978,, 
1413,92.5331,5063,, 
1414,92.6028,5139,, 
1415,92.6726,4897,, 
1416,92.7423,5051,, 
1417,92.8121,4844,, 
1418,92.8818,5019,, 
1419,92.9516,4958,, 
1420,93.0213,4974,, 
1421,93.0911,4846,, 
1422,93.1609,4854,, 
1423,93.2306,4768,, 
1424,93.3004,4885,, 
1425,93.3702,4959,, 
1426,93.44,4919,, 
1427,93.5098,4878,, 
1428,93.5796,4754,, 
1429,93.6494,4833,, 
1430,93.7192,4847,, 
1431,93.7891,4860,, 
1432,93.8589,4808,, 
1433,93.9287,4823,, 
1434,93.9986,4792,, 
1435,94.0684,4808,, 
1436,94.1383,4793,, 
1437,94.2081,4716,, 
1438,94.278,4787,, 
1439,94.3479,4725,, 
1440,94.4177,4647,, 
1441,94.4876,4701,, 
1442,94.5575,4644,, 
1443,94.6274,4650,, 
1444,94.6973,4663,, 
1445,94.7672,4669,, 
1446,94.8371,4501,, 
1447,94.907,4594,, 
1448,94.9769,4637,, 
1449,95.0468,4616,, 
1450,95.1168,4578,, 
1451,95.1867,4410,, 
1452,95.2567,4493,, 
1453,95.3266,4323,, 
1454,95.3966,4427,, 
1455,95.4665,4397,, 
1456,95.5365,4461,, 
1457,95.6064,4363,, 
1458,95.6764,4472,, 
1459,95.7464,4307,, 
1460,95.8164,4264,, 
1461,95.8864,4405,, 
1462,95.9564,4218,, 
1463,96.0264,4379,, 
1464,96.0964,4378,, 
1465,96.1664,4270,, 
1466,96.2364,4211,, 
1467,96.3064,4198,, 
1468,96.3765,4171,, 
1469,96.4465,4113,, 
1470,96.5166,4214,, 
1471,96.5866,4201,, 
1472,96.6567,4258,, 
1473,96.7267,4256,, 
1474,96.7968,4105,, 
1475,96.8669,4153,, 
1476,96.9369,4108,, 
1477,97.007,4221,, 
1478,97.0771,4131,, 
1479,97.1472,4199,, 
1480,97.2173,4103,, 
1481,97.2874,4161,, 
1482,97.3575,4067,, 
1483,97.4276,3975,, 
1484,97.4978,4036,, 
1485,97.5679,3955,, 
1486,97.638,3971,, 
1487,97.7082,4022,, 
1488,97.7783,3966,, 
1489,97.8484,3958,, 
1490,97.9186,3846,, 
1491,97.9888,3969,, 
1492,98.0589,3858,, 
1493,98.1291,3948,, 
1494,98.1993,3935,, 
1495,98.2695,3913,, 
1496,98.3397,3968,, 
1497,98.4099,3890,, 
1498,98.4801,3755,, 
1499,98.5503,3834,, 
1500,98.6205,3849,, 
1501,98.6907,3658,, 
1502,98.7609,3809,, 
1503,98.8311,3734,, 
1504,98.9014,3746,, 
1505,98.9716,3807,, 
1506,99.0419,3733,, 
1507,99.1121,3726,, 
1508,99.1824,3837,, 
1509,99.2526,3653,, 
1510,99.3229,3603,, 
1511,99.3932,3659,, 
1512,99.4635,3657,, 
1513,99.5337,3615,, 
1514,99.604,3605,, 
1515,99.6743,3504,, 
1516,99.7446,3553,, 
1517,99.8149,3481,, 
1518,99.8853,3667,, 
1519,99.9556,3604,, 
1520,100.026,3582,, 
1521,100.096,3441,, 
1522,100.167,3570,, 
1523,100.237,3519,, 
1524,100.307,3394,, 
1525,100.378,3509,, 
1526,100.448,3510,, 
1527,100.518,3500,, 
1528,100.589,3467,, 
1529,100.659,3403,, 
1530,100.729,3520,, 
1531,100.8,3354,, 
1532,100.87,3489,, 
1533,100.941,3394,, 
1534,101.011,3411,, 
1535,101.081,3253,, 
1536,101.152,3372,, 
1537,101.222,3267,, 
1538,101.293,3330,, 
1539,101.363,3285,, 
1540,101.434,3290,, 
1541,101.504,3237,, 
1542,101.574,3286,, 
1543,101.645,3295,, 
1544,101.715,3232,, 
1545,101.786,3277,, 
1546,101.856,3220,, 
1547,101.927,3126,, 
1548,101.997,3208,, 
1549,102.068,3178,, 
1550,102.138,3253,, 
1551,102.209,3289,, 
1552,102.279,3166,, 
1553,102.35,3206,, 
1554,102.42,3210,, 
1555,102.491,3085,, 
1556,102.561,3207,, 
1557,102.632,3077,, 
1558,102.702,3118,, 
1559,102.773,3050,, 
1560,102.844,3151,, 
1561,102.914,3105,, 
1562,102.985,3064,, 
1563,103.055,3036,, 
1564,103.126,3181,, 
1565,103.196,3059,, 
1566,103.267,3034,, 
1567,103.338,3141,, 
1568,103.408,3014,, 
1569,103.479,2921,, 
1570,103.549,2962,, 
1571,103.62,2975,, 
1572,103.691,2989,, 
1573,103.761,2936,, 
1574,103.832,2918,, 
1575,103.902,2943,, 
1576,103.973,2898,, 
1577,104.044,2963,, 
1578,104.114,2872,, 
1579,104.185,2907,, 
1580,104.256,3007,, 
1581,104.326,2901,, 
1582,104.397,2995,, 
1583,104.468,2885,, 
1584,104.538,2825,, 
1585,104.609,2838,, 
1586,104.68,2887,, 
1587,104.751,2873,, 
1588,104.821,2855,, 
1589,104.892,2877,, 
1590,104.963,2897,, 
1591,105.033,2818,, 
1592,105.104,2894,, 
1593,105.175,2759,, 
1594,105.246,2813,, 
1595,105.316,2751,, 
1596,105.387,2828,, 
1597,105.458,2791,, 
1598,105.529,2770,, 
1599,105.599,2887,, 
1600,105.67,2841,, 
1601,105.741,2772,, 
1602,105.812,2899,, 
1603,105.883,2807,, 
1604,105.953,2873,, 
1605,106.024,2785,, 
1606,106.095,2685,, 
1607,106.166,2827,, 
1608,106.237,2775,, 
1609,106.307,2798,, 
1610,106.378,2778,, 
1611,106.449,2827,, 
1612,106.52,2716,, 
1613,106.591,2749,, 
1614,106.662,2750,, 
1615,106.732,2816,, 
1616,106.803,2663,, 
1617,106.874,2730,, 
1618,106.945,2721,, 
1619,107.016,2636,, 
1620,107.087,2652,, 
1621,107.158,2691,, 
1622,107.229,2681,, 
1623,107.3,2710,, 
1624,107.37,2706,, 
1625,107.441,2630,, 
1626,107.512,2686,, 
1627,107.583,2641,, 
1628,107.654,2664,, 
1629,107.725,2783,, 
1630,107.796,2587,, 
1631,107.867,2730,, 
1632,107.938,2643,, 
1633,108.009,2643,, 
1634,108.08,2708,, 
1635,108.151,2672,, 
1636,108.222,2714,, 
1637,108.293,2656,, 
1638,108.364,2666,, 
1639,108.435,2633,, 
1640,108.506,2616,, 
1641,108.577,2668,, 
1642,108.648,2585,, 
1643,108.719,2669,, 
1644,108.79,2660,, 
1645,108.861,2691,, 
1646,108.932,2593,, 
1647,109.003,2601,, 
1648,109.074,2548,, 
1649,109.145,2621,, 
1650,109.216,2668,, 
1651,109.287,2645,, 
1652,109.358,2705,, 
1653,109.429,2632,, 
1654,109.5,2652,, 
1655,109.572,2746,, 
1656,109.643,2644,, 
1657,109.714,2638,, 
1658,109.785,2649,, 
1659,109.856,2628,, 
1660,109.927,2667,, 
1661,109.998,2648,, 
1662,110.069,2583,, 
1663,110.14,2646,, 
1664,110.212,2662,, 
1665,110.283,2652,, 
1666,110.354,2746,, 
1667,110.425,2691,, 
1668,110.496,2681,, 
1669,110.567,2647,, 
1670,110.639,2668,, 
1671,110.71,2652,, 
1672,110.781,2683,, 
1673,110.852,2715,, 
1674,110.923,2757,, 
1675,110.994,2831,, 
1676,111.066,2707,, 
1677,111.137,2763,, 
1678,111.208,2846,, 
1679,111.279,2759,, 
1680,111.351,2714,, 
1681,111.422,2784,, 
1682,111.493,2675,, 
1683,111.564,2809,, 
1684,111.636,3003,, 
1685,111.707,2930,, 
1686,111.778,3229,, 
1687,111.849,3287,, 
1688,111.921,3205,, 
1689,111.992,3314,, 
1690,112.063,3338,, 
1691,112.134,3146,, 
1692,112.206,3222,, 
1693,112.277,2927,, 
1694,112.348,2971,, 
1695,112.42,2822,, 
1696,112.491,2730,, 
1697,112.562,2645,, 
1698,112.634,2652,, 
1699,112.705,2651,, 
1700,112.776,2675,, 
1701,112.848,2677,, 
1702,112.919,2626,, 
1703,112.99,2595,, 
1704,113.062,2658,, 
1705,113.133,2573,, 
1706,113.204,2645,, 
1707,113.276,2680,, 
1708,113.347,2680,, 
1709,113.419,2655,, 
1710,113.49,2691,, 
1711,113.561,2679,, 
1712,113.633,2597,, 
1713,113.704,2608,, 
1714,113.776,2741,, 
1715,113.847,2574,, 
1716,113.918,2726,, 
1717,113.99,2717,, 
1718,114.061,2676,, 
1719,114.133,2644,, 
1720,114.204,2820,, 
1721,114.276,2721,, 
1722,114.347,2672,, 
1723,114.419,2751,, 
1724,114.49,2780,, 
1725,114.562,2699,, 
1726,114.633,2766,, 
1727,114.705,2711,, 
1728,114.776,2768,, 
1729,114.848,2703,, 
1730,114.919,2679,, 
1731,114.991,2877,, 
1732,115.062,2714,, 
1733,115.134,2831,, 
1734,115.205,2754,, 
1735,115.277,2758,, 
1736,115.348,2800,, 
1737,115.42,2782,, 
1738,115.491,2699,, 
1739,115.563,2862,, 
1740,115.635,2758,, 
1741,115.706,2878,, 
1742,115.778,2817,, 
1743,115.849,2840,, 
1744,115.921,2841,, 
1745,115.992,2777,, 
1746,116.064,2883,, 
1747,116.136,2880,, 
1748,116.207,2859,, 
1749,116.279,2936,, 
1750,116.35,2839,, 
1751,116.422,2911,, 
1752,116.494,2919,, 
1753,116.565,2871,, 
1754,116.637,2900,, 
1755,116.709,2947,, 
1756,116.78,2930,, 
1757,116.852,2955,, 
1758,116.924,2972,, 
1759,116.995,2988,, 
1760,117.067,3004,, 
1761,117.139,3116,, 
1762,117.21,3000,, 
1763,117.282,3112,, 
1764,117.354,3114,, 
1765,117.425,3181,, 
1766,117.497,3063,, 
1767,117.569,3123,, 
1768,117.641,3114,, 
1769,117.712,3166,, 
1770,117.784,3135,, 
1771,117.856,3237,, 
1772,117.928,3318,, 
1773,117.999,3340,, 
1774,118.071,3377,, 
1775,118.143,3278,, 
1776,118.215,3364,, 
1777,118.286,3348,, 
1778,118.358,3414,, 
1779,118.43,3335,, 
1780,118.502,3463,, 
1781,118.574,3559,, 
1782,118.645,3575,, 
1783,118.717,3579,, 
1784,118.789,3617,, 
1785,118.861,3658,, 
1786,118.933,3730,, 
1787,119.004,3749,, 
1788,119.076,3861,, 
1789,119.148,3817,, 
1790,119.22,3995,, 
1791,119.292,3990,, 
1792,119.364,4011,, 
1793,119.436,4094,, 
1794,119.507,4203,, 
1795,119.579,4330,, 
1796,119.651,4389,, 
1797,119.723,4542,, 
1798,119.795,4729,, 
1799,119.867,4734,, 
1800,119.939,4997,, 
1801,120.011,5238,, 
1802,120.083,5873,, 
1803,120.155,7052,, 
1804,120.226,9617,, 
1805,120.298,14909,, 
1806,120.37,25764,, 
1807,120.442,45104,, 
1808,120.514,78553,, 
1809,120.586,128627,, 
1810,120.658,197194,, 
1811,120.73,280365,, 
1812,120.802,367406,, 
1813,120.874,442059,, 
1814,120.946,490606,, 
1815,121.018,500441,, 
1816,121.09,468148,, 
1817,121.162,401713,, 
1818,121.234,316929,, 
1819,121.306,230256,, 
1820,121.378,153029,, 
1821,121.45,94442,, 
1822,121.522,52903,, 
1823,121.594,27754,, 
1824,121.666,13193,, 
1825,121.738,6211,, 
1826,121.81,2733,, 
1827,121.882,1361,, 
1828,121.954,757,, 
1829,122.026,611,, 
1830,122.099,528,, 
1831,122.171,532,, 
1832,122.243,515,, 
1833,122.315,490,, 
1834,122.387,518,, 
1835,122.459,501,, 
1836,122.531,476,, 
1837,122.603,513,, 
1838,122.675,503,, 
1839,122.747,465,, 
1840,122.82,478,, 
1841,122.892,464,, 
1842,122.964,491,, 
1843,123.036,447,, 
1844,123.108,477,, 
1845,123.18,474,, 
1846,123.252,485,, 
1847,123.325,540,, 
1848,123.397,495,, 
1849,123.469,436,, 
1850,123.541,475,, 
1851,123.613,460,, 
1852,123.686,491,, 
1853,123.758,504,, 
1854,123.83,513,, 
1855,123.902,467,, 
1856,123.974,509,, 
1857,124.047,501,, 
1858,124.119,509,, 
1859,124.191,507,, 
1860,124.263,520,, 
1861,124.336,507,, 
1862,124.408,507,, 
1863,124.48,463,, 
1864,124.552,517,, 
1865,124.625,510,, 
1866,124.697,528,, 
1867,124.769,536,, 
1868,124.841,546,, 
1869,124.914,530,, 
1870,124.986,566,, 
1871,125.058,562,, 
1872,125.131,526,, 
1873,125.203,514,, 
1874,125.275,502,, 
1875,125.348,487,, 
1876,125.42,467,, 
1877,125.492,478,, 
1878,125.565,471,, 
1879,125.637,476,, 
1880,125.709,473,, 
1881,125.782,473,, 
1882,125.854,478,, 
1883,125.926,460,, 
1884,125.999,443,, 
1885,126.071,453,, 
1886,126.144,465,, 
1887,126.216,511,, 
1888,126.288,511,, 
1889,126.361,450,, 
1890,126.433,490,, 
1891,126.506,437,, 
1892,126.578,495,, 
1893,126.651,445,, 
1894,126.723,492,, 
1895,126.795,499,, 
1896,126.868,473,, 
1897,126.94,480,, 
1898,127.013,484,, 
1899,127.085,499,, 
1900,127.158,466,, 
1901,127.23,487,, 
1902,127.303,494,, 
1903,127.375,511,, 
1904,127.448,466,, 
1905,127.52,492,, 
1906,127.593,487,, 
1907,127.665,500,, 
1908,127.738,473,, 
1909,127.81,466,, 
1910,127.883,469,, 
1911,127.955,507,, 
1912,128.028,488,, 
1913,128.1,476,, 
1914,128.173,489,, 
1915,128.245,486,, 
1916,128.318,506,, 
1917,128.391,486,, 
1918,128.463,536,, 
1919,128.536,500,, 
1920,128.608,502,, 
1921,128.681,490,, 
1922,128.753,519,, 
1923,128.826,498,, 
1924,128.899,514,, 
1925,128.971,477,, 
1926,129.044,469,, 
1927,129.116,499,, 
1928,129.189,494,, 
1929,129.262,455,, 
1930,129.334,524,, 
1931,129.407,518,, 
1932,129.48,513,, 
1933,129.552,496,, 
1934,129.625,528,, 
1935,129.698,515,, 
1936,129.77,479,, 
1937,129.843,483,, 
1938,129.916,553,, 
1939,129.988,536,, 
1940,130.061,528,, 
1941,130.134,513,, 
1942,130.206,561,, 
1943,130.279,490,, 
1944,130.352,563,, 
1945,130.425,530,, 
1946,130.497,540,, 
1947,130.57,559,, 
1948,130.643,515,, 
1949,130.716,555,, 
1950,130.788,580,, 
1951,130.861,571,, 
1952,130.934,599,, 
1953,131.007,597,, 
1954,131.079,608,, 
1955,131.152,562,, 
1956,131.225,589,, 
1957,131.298,559,, 
1958,131.37,570,, 
1959,131.443,632,, 
1960,131.516,574,, 
1961,131.589,648,, 
1962,131.662,650,, 
1963,131.735,630,, 
1964,131.807,695,, 
1965,131.88,714,, 
1966,131.953,809,, 
1967,132.026,876,, 
1968,132.099,1085,, 
1969,132.172,1605,, 
1970,132.244,2668,, 
1971,132.317,4680,, 
1972,132.39,8083,, 
1973,132.463,13172,, 
1974,132.536,20213,, 
1975,132.609,29262,, 
1976,132.682,38308,, 
1977,132.755,45892,, 
1978,132.828,50297,, 
1979,132.9,51257,, 
1980,132.973,47204,, 
1981,133.046,40064,, 
1982,133.119,31333,, 
1983,133.192,22189,, 
1984,133.265,14383,, 
1985,133.338,8655,, 
1986,133.411,4783,, 
1987,133.484,2559,, 
1988,133.557,1315,, 
1989,133.63,703,, 
1990,133.703,441,, 
1991,133.776,329,, 
1992,133.849,273,, 
1993,133.922,225,, 
1994,133.995,249,, 
1995,134.068,230,, 
1996,134.141,266,, 
1997,134.214,255,, 
1998,134.287,222,, 
1999,134.36,248,, 
2000,134.433,251,, 
2001,134.506,260,, 
2002,134.579,238,, 
2003,134.652,235,, 
2004,134.725,247,, 
2005,134.798,229,, 
2006,134.871,236,, 
2007,134.944,230,, 
2008,135.017,242,, 
2009,135.091,251,, 
2010,135.164,230,, 
2011,135.237,218,, 
2012,135.31,215,, 
2013,135.383,202,, 
2014,135.456,211,, 
2015,135.529,219,, 
2016,135.602,221,, 
2017,135.675,225,, 
2018,135.749,228,, 
2019,135.822,206,, 
2020,135.895,218,, 
2021,135.968,242,, 
2022,136.041,253,, 
2023,136.114,224,, 
2024,136.187,244,, 
2025,136.261,194,, 
2026,136.334,204,, 
2027,136.407,244,, 
2028,136.48,207,, 
2029,136.553,239,, 
2030,136.627,217,, 
2031,136.7,209,, 
2032,136.773,236,, 
2033,136.846,209,, 
2034,136.919,247,, 
2035,136.993,228,, 
2036,137.066,229,, 
2037,137.139,217,, 
2038,137.212,216,, 
2039,137.286,176,, 
2040,137.359,225,, 
2041,137.432,222,, 
2042,137.505,219,, 
2043,137.579,210,, 
2044,137.652,161,, 
2045,137.725,5,, 
2046,137.799,0,, 
2047,137.872,0,, 
